,tic,model,y_test,y_test_prob,y_test_pred
0,EL.PA,LSTM1,1,0.42306292057037354,0
1,EL.PA,LSTM1,0,0.41595008969306946,0
2,EL.PA,LSTM1,0,0.4109073877334595,0
3,EL.PA,LSTM1,0,0.40353015065193176,0
4,EL.PA,LSTM1,0,0.39705517888069153,0
5,EL.PA,LSTM1,0,0.3902513384819031,0
6,EL.PA,LSTM1,0,0.3832767605781555,0
7,EL.PA,LSTM1,0,0.37724921107292175,0
8,EL.PA,LSTM1,0,0.37078219652175903,0
9,EL.PA,LSTM1,0,0.36754798889160156,0
10,EL.PA,LSTM1,0,0.3644919991493225,0
11,EL.PA,LSTM1,0,0.3623168468475342,0
12,EL.PA,LSTM1,0,0.36172592639923096,0
13,EL.PA,LSTM1,0,0.3610595762729645,0
14,EL.PA,LSTM1,0,0.36112910509109497,0
15,EL.PA,LSTM1,0,0.36361178755760193,0
16,EL.PA,LSTM1,0,0.3668597340583801,0
17,EL.PA,LSTM1,0,0.36997777223587036,0
18,EL.PA,LSTM1,0,0.3745119571685791,0
19,EL.PA,LSTM1,1,0.3783663809299469,0
20,EL.PA,LSTM1,1,0.384445458650589,0
21,EL.PA,LSTM1,1,0.3890860080718994,0
22,EL.PA,LSTM1,1,0.39594030380249023,0
23,EL.PA,LSTM1,1,0.4021340310573578,0
24,EL.PA,LSTM1,1,0.40923118591308594,0
25,EL.PA,LSTM1,1,0.41644275188446045,0
26,EL.PA,LSTM1,0,0.42155012488365173,0
27,EL.PA,LSTM1,0,0.42745736241340637,0
28,EL.PA,LSTM1,0,0.43078184127807617,0
29,EL.PA,LSTM1,0,0.4366414546966553,0
30,EL.PA,LSTM1,0,0.4402868151664734,0
31,EL.PA,LSTM1,0,0.44207271933555603,0
32,EL.PA,LSTM1,0,0.4441226124763489,0
33,EL.PA,LSTM1,0,0.4428170919418335,0
34,EL.PA,LSTM1,0,0.4426794946193695,0
35,EL.PA,LSTM1,0,0.44116494059562683,0
36,EL.PA,LSTM1,0,0.44058918952941895,0
37,EL.PA,LSTM1,0,0.44173380732536316,0
38,EL.PA,LSTM1,0,0.4409932792186737,0
39,EL.PA,LSTM1,1,0.44145235419273376,0
40,EL.PA,LSTM1,1,0.44182246923446655,0
41,EL.PA,LSTM1,1,0.4449986517429352,0
42,EL.PA,LSTM1,0,0.44679737091064453,0
43,EL.PA,LSTM1,1,0.4510425925254822,0
44,EL.PA,LSTM1,1,0.4563094973564148,0
45,EL.PA,LSTM1,1,0.45947396755218506,0
46,EL.PA,LSTM1,0,0.46520140767097473,0
47,EL.PA,LSTM1,1,0.46973419189453125,0
48,EL.PA,LSTM1,0,0.47479504346847534,0
49,EL.PA,LSTM1,0,0.47894611954689026,0
50,EL.PA,LSTM1,0,0.4808034598827362,0
51,EL.PA,LSTM1,0,0.4823033809661865,0
52,EL.PA,LSTM1,0,0.48235729336738586,0
53,EL.PA,LSTM1,0,0.48350003361701965,0
54,EL.PA,LSTM1,0,0.48454269766807556,0
55,EL.PA,LSTM1,0,0.48502808809280396,0
56,EL.PA,LSTM1,0,0.4850337505340576,0
57,EL.PA,LSTM1,0,0.4839501976966858,0
58,EL.PA,LSTM1,0,0.4822714924812317,0
59,EL.PA,LSTM1,0,0.48141899704933167,0
60,EL.PA,LSTM1,0,0.4811389148235321,0
61,EL.PA,LSTM1,0,0.48145753145217896,0
62,EL.PA,LSTM1,1,0.48173844814300537,0
63,EL.PA,LSTM1,1,0.4825623333454132,0
64,EL.PA,LSTM1,1,0.48501285910606384,0
65,EL.PA,LSTM1,1,0.48742014169692993,0
66,EL.PA,LSTM1,1,0.4898020625114441,0
67,EL.PA,LSTM1,1,0.4908853769302368,0
68,EL.PA,LSTM1,1,0.49227187037467957,0
69,EL.PA,LSTM1,1,0.49435606598854065,0
70,EL.PA,LSTM1,0,0.4973525106906891,0
71,EL.PA,LSTM1,0,0.5012214183807373,0
72,EL.PA,LSTM1,0,0.5030308961868286,0
73,EL.PA,LSTM1,0,0.5038650631904602,0
74,EL.PA,LSTM1,0,0.5040799379348755,0
75,EL.PA,LSTM1,0,0.5030969977378845,0
76,EL.PA,LSTM1,0,0.5036582350730896,0
77,EL.PA,LSTM1,0,0.5049511790275574,0
78,EL.PA,LSTM1,0,0.5064706802368164,0
79,EL.PA,LSTM1,0,0.5060330629348755,0
80,EL.PA,LSTM1,1,0.5644216537475586,1
81,EL.PA,LSTM1,1,0.5599076747894287,1
82,EL.PA,LSTM1,1,0.5557776093482971,1
83,EL.PA,LSTM1,1,0.5508733987808228,1
84,EL.PA,LSTM1,1,0.5439847707748413,1
85,EL.PA,LSTM1,1,0.5386661291122437,1
86,EL.PA,LSTM1,0,0.529294490814209,1
87,EL.PA,LSTM1,0,0.5209295153617859,0
88,EL.PA,LSTM1,0,0.5105050206184387,0
89,EL.PA,LSTM1,0,0.5014353394508362,0
90,EL.PA,LSTM1,0,0.4906143248081207,0
91,EL.PA,LSTM1,0,0.47807860374450684,0
92,EL.PA,LSTM1,0,0.4690449833869934,0
93,EL.PA,LSTM1,0,0.4613572955131531,0
94,EL.PA,LSTM1,0,0.45620760321617126,0
95,EL.PA,LSTM1,0,0.448746919631958,0
96,EL.PA,LSTM1,0,0.44500985741615295,0
97,EL.PA,LSTM1,0,0.44395700097084045,0
98,EL.PA,LSTM1,0,0.44565829634666443,0
99,EL.PA,LSTM1,0,0.44835802912712097,0
100,EL.PA,LSTM1,0,0.45004332065582275,0
101,EL.PA,LSTM1,0,0.45522671937942505,0
102,EL.PA,LSTM1,1,0.460835337638855,0
103,EL.PA,LSTM1,1,0.46907246112823486,0
104,EL.PA,LSTM1,1,0.4775049090385437,0
105,EL.PA,LSTM1,1,0.48689672350883484,0
106,EL.PA,LSTM1,1,0.495968222618103,0
107,EL.PA,LSTM1,1,0.5043230652809143,0
108,EL.PA,LSTM1,1,0.511533796787262,0
109,EL.PA,LSTM1,1,0.5173623561859131,0
110,EL.PA,LSTM1,0,0.5216855406761169,0
111,EL.PA,LSTM1,1,0.5238476991653442,1
112,EL.PA,LSTM1,1,0.5255401730537415,1
113,EL.PA,LSTM1,1,0.5259450078010559,1
114,EL.PA,LSTM1,1,0.5262446403503418,1
115,EL.PA,LSTM1,0,0.5256472826004028,1
116,EL.PA,LSTM1,0,0.5229471325874329,0
117,EL.PA,LSTM1,0,0.521068274974823,0
118,EL.PA,LSTM1,0,0.5188921093940735,0
119,EL.PA,LSTM1,0,0.5159725546836853,0
120,EL.PA,LSTM1,0,0.5118463039398193,0
121,EL.PA,LSTM1,0,0.5082108378410339,0
122,EL.PA,LSTM1,0,0.5071162581443787,0
123,EL.PA,LSTM1,0,0.5050398111343384,0
124,EL.PA,LSTM1,0,0.5056107640266418,0
125,EL.PA,LSTM1,0,0.5069860816001892,0
126,EL.PA,LSTM1,0,0.5109311938285828,0
127,EL.PA,LSTM1,0,0.5165358781814575,0
128,EL.PA,LSTM1,0,0.5217795968055725,0
129,EL.PA,LSTM1,0,0.5290979146957397,1
130,EL.PA,LSTM1,1,0.5350098013877869,1
131,EL.PA,LSTM1,1,0.5440724492073059,1
132,EL.PA,LSTM1,1,0.5512984991073608,1
133,EL.PA,LSTM1,1,0.5599505305290222,1
134,EL.PA,LSTM1,1,0.5665044188499451,1
135,EL.PA,LSTM1,1,0.5715089440345764,1
136,EL.PA,LSTM1,1,0.5772578120231628,1
137,EL.PA,LSTM1,0,0.5806870460510254,1
138,EL.PA,LSTM1,0,0.5854803323745728,1
139,EL.PA,LSTM1,1,0.5875229239463806,1
140,EL.PA,LSTM1,1,0.5896263122558594,1
141,EL.PA,LSTM1,1,0.5885946750640869,1
142,EL.PA,LSTM1,1,0.5871027112007141,1
143,EL.PA,LSTM1,0,0.5856297016143799,1
144,EL.PA,LSTM1,1,0.5842785239219666,1
145,EL.PA,LSTM1,0,0.5829906463623047,1
146,EL.PA,LSTM1,0,0.5811535716056824,1
147,EL.PA,LSTM1,0,0.5801398754119873,1
148,EL.PA,LSTM1,0,0.5787502527236938,1
149,EL.PA,LSTM1,0,0.5774013996124268,1
150,EL.PA,LSTM1,0,0.5752912163734436,1
151,EL.PA,LSTM1,0,0.5733564496040344,1
152,EL.PA,LSTM1,1,0.5718730092048645,1
153,EL.PA,LSTM1,1,0.5720386505126953,1
154,EL.PA,LSTM1,1,0.5721102356910706,1
155,EL.PA,LSTM1,1,0.5736135840415955,1
156,EL.PA,LSTM1,1,0.5752330422401428,1
157,EL.PA,LSTM1,1,0.576572835445404,1
158,EL.PA,LSTM1,1,0.5776006579399109,1
159,EL.PA,LSTM1,1,0.5773555040359497,1
160,EL.PA,LSTM1,1,0.47770926356315613,0
161,EL.PA,LSTM1,0,0.48808979988098145,0
162,EL.PA,LSTM1,0,0.5054526329040527,0
163,EL.PA,LSTM1,0,0.5164787173271179,0
164,EL.PA,LSTM1,0,0.5277695059776306,0
165,EL.PA,LSTM1,0,0.5416340827941895,0
166,EL.PA,LSTM1,1,0.5526131987571716,0
167,EL.PA,LSTM1,1,0.5686028599739075,0
168,EL.PA,LSTM1,1,0.5794910788536072,1
169,EL.PA,LSTM1,1,0.5976031422615051,1
170,EL.PA,LSTM1,1,0.6026539206504822,1
171,EL.PA,LSTM1,1,0.6052935123443604,1
172,EL.PA,LSTM1,1,0.6056281924247742,1
173,EL.PA,LSTM1,1,0.6007629036903381,1
174,EL.PA,LSTM1,1,0.5976675748825073,1
175,EL.PA,LSTM1,1,0.5925012826919556,1
176,EL.PA,LSTM1,1,0.5909038782119751,1
177,EL.PA,LSTM1,1,0.5838616490364075,1
178,EL.PA,LSTM1,0,0.5744748711585999,0
179,EL.PA,LSTM1,0,0.5611633062362671,0
180,EL.PA,LSTM1,0,0.5522707104682922,0
181,EL.PA,LSTM1,0,0.5413207411766052,0
182,EL.PA,LSTM1,0,0.5322927832603455,0
183,EL.PA,LSTM1,0,0.5134518146514893,0
184,EL.PA,LSTM1,0,0.5008209943771362,0
185,EL.PA,LSTM1,0,0.48729994893074036,0
186,EL.PA,LSTM1,0,0.47723326086997986,0
187,EL.PA,LSTM1,0,0.4705069065093994,0
188,EL.PA,LSTM1,0,0.47191235423088074,0
189,EL.PA,LSTM1,0,0.4815919101238251,0
190,EL.PA,LSTM1,0,0.4981447458267212,0
191,EL.PA,LSTM1,0,0.5177525281906128,0
192,EL.PA,LSTM1,0,0.5367507338523865,0
193,EL.PA,LSTM1,0,0.561047375202179,0
194,EL.PA,LSTM1,0,0.5792182683944702,0
195,EL.PA,LSTM1,0,0.5987024307250977,1
196,EL.PA,LSTM1,1,0.6182605028152466,1
197,EL.PA,LSTM1,1,0.634780764579773,1
198,EL.PA,LSTM1,1,0.654716432094574,1
199,EL.PA,LSTM1,0,0.6630423069000244,1
200,EL.PA,LSTM1,0,0.6763941645622253,1
201,EL.PA,LSTM1,0,0.6883408427238464,1
202,EL.PA,LSTM1,1,0.6937732100486755,1
203,EL.PA,LSTM1,0,0.6947709918022156,1
204,EL.PA,LSTM1,0,0.6846204996109009,1
205,EL.PA,LSTM1,0,0.6836418509483337,1
206,EL.PA,LSTM1,0,0.6740708947181702,1
207,EL.PA,LSTM1,0,0.6690818667411804,1
208,EL.PA,LSTM1,0,0.6547225117683411,1
209,EL.PA,LSTM1,0,0.6442864537239075,1
210,EL.PA,LSTM1,0,0.6303963661193848,1
211,EL.PA,LSTM1,0,0.6211705803871155,1
212,EL.PA,LSTM1,1,0.6107197403907776,1
213,EL.PA,LSTM1,0,0.6065640449523926,1
214,EL.PA,LSTM1,0,0.6025822162628174,1
215,EL.PA,LSTM1,1,0.602247416973114,1
216,EL.PA,LSTM1,1,0.6068791151046753,1
217,EL.PA,LSTM1,1,0.6129600405693054,1
218,EL.PA,LSTM1,1,0.6192417144775391,1
219,EL.PA,LSTM1,1,0.630323052406311,1
220,EL.PA,LSTM1,1,0.6342160701751709,1
221,EL.PA,LSTM1,1,0.6402038931846619,1
222,EL.PA,LSTM1,1,0.6396545171737671,1
223,EL.PA,LSTM1,1,0.6374256014823914,1
224,EL.PA,LSTM1,1,0.6320996880531311,1
225,EL.PA,LSTM1,1,0.6253075003623962,1
226,EL.PA,LSTM1,1,0.6160631775856018,1
227,EL.PA,LSTM1,1,0.6025508046150208,1
228,EL.PA,LSTM1,1,0.5832716822624207,1
229,EL.PA,LSTM1,1,0.5638101100921631,0
230,EL.PA,LSTM1,1,0.5413452386856079,0
231,EL.PA,LSTM1,1,0.5182278752326965,0
232,EL.PA,LSTM1,1,0.49711301922798157,0
233,EL.PA,LSTM1,1,0.47236502170562744,0
234,EL.PA,LSTM1,1,0.43917274475097656,0
235,EL.PA,LSTM1,1,0.40242043137550354,0
236,EL.PA,LSTM1,1,0.37087464332580566,0
237,EL.PA,LSTM1,1,0.3457220792770386,0
238,EL.PA,LSTM1,1,0.32299983501434326,0
239,EL.PA,LSTM1,1,0.30526942014694214,0
240,EL.PA,LSTM1,0,0.2987792491912842,1
241,EL.PA,LSTM1,0,0.3239181935787201,1
242,EL.PA,LSTM1,1,0.3485667109489441,1
243,EL.PA,LSTM1,1,0.3762928545475006,1
244,EL.PA,LSTM1,1,0.4045145511627197,1
245,EL.PA,LSTM1,1,0.43256676197052,1
246,EL.PA,LSTM1,1,0.4646013081073761,1
247,EL.PA,LSTM1,1,0.493923544883728,1
248,EL.PA,LSTM1,1,0.5209271907806396,1
249,EL.PA,LSTM1,1,0.539542555809021,1
250,EL.PA,LSTM1,1,0.5499731302261353,1
251,EL.PA,LSTM1,1,0.5478078722953796,1
252,EL.PA,LSTM1,1,0.5445587038993835,1
253,EL.PA,LSTM1,1,0.5214744806289673,1
254,EL.PA,LSTM1,1,0.49119332432746887,1
255,EL.PA,LSTM1,1,0.4455365538597107,1
256,EL.PA,LSTM1,1,0.40439528226852417,1
257,EL.PA,LSTM1,1,0.351736843585968,1
258,EL.PA,LSTM1,1,0.3118736445903778,1
259,EL.PA,LSTM1,0,0.2724202871322632,1
260,EL.PA,LSTM1,0,0.23746633529663086,1
261,EL.PA,LSTM1,1,0.2119898796081543,1
262,EL.PA,LSTM1,1,0.19542598724365234,1
263,EL.PA,LSTM1,0,0.1912699043750763,1
264,EL.PA,LSTM1,1,0.19044476747512817,1
265,EL.PA,LSTM1,1,0.1953977644443512,1
266,EL.PA,LSTM1,1,0.20354878902435303,1
267,EL.PA,LSTM1,1,0.2102755904197693,1
268,EL.PA,LSTM1,1,0.22250699996948242,1
269,EL.PA,LSTM1,1,0.23556360602378845,1
270,EL.PA,LSTM1,1,0.2473258078098297,1
271,EL.PA,LSTM1,1,0.25914210081100464,1
272,EL.PA,LSTM1,1,0.26873651146888733,1
273,EL.PA,LSTM1,1,0.273720383644104,1
274,EL.PA,LSTM1,1,0.2718964219093323,1
275,EL.PA,LSTM1,1,0.2711682915687561,1
276,EL.PA,LSTM1,0,0.26021885871887207,1
277,EL.PA,LSTM1,0,0.25210657715797424,1
278,EL.PA,LSTM1,0,0.23912546038627625,1
279,EL.PA,LSTM1,0,0.22690796852111816,1
280,EL.PA,LSTM1,0,0.21055260300636292,1
281,EL.PA,LSTM1,0,0.19912922382354736,1
282,EL.PA,LSTM1,0,0.1862553358078003,1
283,EL.PA,LSTM1,1,0.1740792989730835,1
284,EL.PA,LSTM1,1,0.1606673300266266,1
285,EL.PA,LSTM1,1,0.1523478627204895,1
286,EL.PA,LSTM1,1,0.14733290672302246,1
287,EL.PA,LSTM1,1,0.15066367387771606,1
288,EL.PA,LSTM1,1,0.16480544209480286,1
289,EL.PA,LSTM1,1,0.1838594377040863,1
290,EL.PA,LSTM1,1,0.2103990614414215,1
291,EL.PA,LSTM1,1,0.2385087013244629,1
292,EL.PA,LSTM1,0,0.2680704593658447,1
293,EL.PA,LSTM1,0,0.28315579891204834,1
294,EL.PA,LSTM1,0,0.29675135016441345,1
295,EL.PA,LSTM1,1,0.287830114364624,1
296,EL.PA,LSTM1,1,0.27406424283981323,1
297,EL.PA,LSTM1,1,0.2513178884983063,1
298,EL.PA,LSTM1,1,0.22798222303390503,1
299,EL.PA,LSTM1,1,0.19869881868362427,1
300,EL.PA,LSTM1,1,0.17324689030647278,1
301,EL.PA,LSTM1,1,0.15569892525672913,1
302,EL.PA,LSTM1,1,0.14214175939559937,1
303,EL.PA,LSTM1,1,0.14286115765571594,1
304,EL.PA,LSTM1,1,0.1398964524269104,1
305,EL.PA,LSTM1,1,0.14319416880607605,1
306,EL.PA,LSTM1,1,0.14362430572509766,1
307,EL.PA,LSTM1,1,0.1490611732006073,1
308,EL.PA,LSTM1,1,0.1546889841556549,1
309,EL.PA,LSTM1,1,0.1502215564250946,1
310,EL.PA,LSTM1,1,0.13916566967964172,1
311,EL.PA,LSTM1,0,0.1167057454586029,0
312,EL.PA,LSTM1,1,0.09644141793251038,0
313,EL.PA,LSTM1,0,0.07805958390235901,0
314,EL.PA,LSTM1,0,0.06717520952224731,0
315,EL.PA,LSTM1,0,0.05912107229232788,0
316,EL.PA,LSTM1,0,0.050757914781570435,0
317,EL.PA,LSTM1,0,0.04779881238937378,0
318,EL.PA,LSTM1,0,0.043335407972335815,0
319,EL.PA,LSTM1,0,0.04441097378730774,0
320,EL.PA,LSTM1,1,0.30508217215538025,0
321,EL.PA,LSTM1,1,0.26097726821899414,0
322,EL.PA,LSTM1,1,0.23319661617279053,0
323,EL.PA,LSTM1,1,0.21391412615776062,0
324,EL.PA,LSTM1,1,0.20936930179595947,0
325,EL.PA,LSTM1,1,0.20219877362251282,0
326,EL.PA,LSTM1,1,0.2012600600719452,0
327,EL.PA,LSTM1,1,0.21400392055511475,0
328,EL.PA,LSTM1,1,0.2297666072845459,0
329,EL.PA,LSTM1,0,0.2474149465560913,0
330,EL.PA,LSTM1,0,0.2727670669555664,0
331,EL.PA,LSTM1,0,0.29708170890808105,0
332,EL.PA,LSTM1,1,0.3128073215484619,0
333,EL.PA,LSTM1,0,0.3210234045982361,0
334,EL.PA,LSTM1,0,0.3414774537086487,0
335,EL.PA,LSTM1,1,0.34693390130996704,0
336,EL.PA,LSTM1,1,0.34303033351898193,0
337,EL.PA,LSTM1,1,0.35047340393066406,0
338,EL.PA,LSTM1,1,0.35367292165756226,0
339,EL.PA,LSTM1,1,0.37081193923950195,0
340,EL.PA,LSTM1,1,0.39539727568626404,0
341,EL.PA,LSTM1,1,0.43388599157333374,0
342,EL.PA,LSTM1,1,0.4451119601726532,1
343,EL.PA,LSTM1,1,0.4555360972881317,1
344,EL.PA,LSTM1,0,0.4705984890460968,1
345,EL.PA,LSTM1,0,0.49113398790359497,1
346,EL.PA,LSTM1,0,0.48781242966651917,1
347,EL.PA,LSTM1,1,0.47238603234291077,1
348,EL.PA,LSTM1,1,0.4429757297039032,1
349,EL.PA,LSTM1,1,0.402382493019104,0
350,EL.PA,LSTM1,1,0.3587338328361511,0
351,EL.PA,LSTM1,1,0.3290998339653015,0
352,EL.PA,LSTM1,0,0.30027323961257935,0
353,EL.PA,LSTM1,0,0.28210312128067017,0
354,EL.PA,LSTM1,0,0.279346764087677,0
355,EL.PA,LSTM1,0,0.28195324540138245,0
356,EL.PA,LSTM1,0,0.29031533002853394,0
357,EL.PA,LSTM1,0,0.3105196952819824,0
358,EL.PA,LSTM1,0,0.34353429079055786,0
359,EL.PA,LSTM1,1,0.3637477159500122,0
360,EL.PA,LSTM1,0,0.3843318521976471,0
361,EL.PA,LSTM1,0,0.4048573970794678,0
362,EL.PA,LSTM1,1,0.44652047753334045,1
363,EL.PA,LSTM1,1,0.47326144576072693,1
364,EL.PA,LSTM1,1,0.4954724609851837,1
365,EL.PA,LSTM1,0,0.5326088666915894,1
366,EL.PA,LSTM1,1,0.5628746151924133,1
367,EL.PA,LSTM1,1,0.5938795804977417,1
368,EL.PA,LSTM1,1,0.605528712272644,1
369,EL.PA,LSTM1,1,0.6151849031448364,1
370,EL.PA,LSTM1,1,0.6166337132453918,1
371,EL.PA,LSTM1,1,0.633535623550415,1
372,EL.PA,LSTM1,1,0.6409668326377869,1
373,EL.PA,LSTM1,0,0.6425323486328125,1
374,EL.PA,LSTM1,0,0.6116511821746826,1
375,EL.PA,LSTM1,0,0.580473005771637,1
376,EL.PA,LSTM1,0,0.5373473167419434,1
377,EL.PA,LSTM1,0,0.49855467677116394,1
378,EL.PA,LSTM1,0,0.43621373176574707,0
379,EL.PA,LSTM1,0,0.3925098776817322,0
380,EL.PA,LSTM1,0,0.3692067861557007,0
381,EL.PA,LSTM1,0,0.3494473099708557,0
382,EL.PA,LSTM1,0,0.3208208680152893,0
383,EL.PA,LSTM1,0,0.3237352967262268,0
384,EL.PA,LSTM1,0,0.3335362672805786,0
385,EL.PA,LSTM1,0,0.35349974036216736,0
386,EL.PA,LSTM1,0,0.35243290662765503,0
387,EL.PA,LSTM1,0,0.37178823351860046,0
388,EL.PA,LSTM1,0,0.416500449180603,0
389,EL.PA,LSTM1,1,0.47457224130630493,1
390,EL.PA,LSTM1,1,0.5287243723869324,1
391,EL.PA,LSTM1,1,0.5777068734169006,1
392,EL.PA,LSTM1,1,0.6012864112854004,1
393,EL.PA,LSTM1,1,0.6184984445571899,1
394,EL.PA,LSTM1,1,0.6488998532295227,1
395,EL.PA,LSTM1,1,0.6638103723526001,1
396,EL.PA,LSTM1,0,0.6753748059272766,1
397,EL.PA,LSTM1,0,0.6700237393379211,1
398,EL.PA,LSTM1,0,0.6647113561630249,1
399,EL.PA,LSTM1,0,0.6321983933448792,1
400,EL.PA,LSTM1,0,0.3108421564102173,0
401,EL.PA,LSTM1,1,0.2913585603237152,0
402,EL.PA,LSTM1,1,0.2826201319694519,0
403,EL.PA,LSTM1,0,0.2795024514198303,0
404,EL.PA,LSTM1,0,0.28945624828338623,0
405,EL.PA,LSTM1,0,0.3085966110229492,0
406,EL.PA,LSTM1,0,0.3295106589794159,0
407,EL.PA,LSTM1,0,0.3574763834476471,0
408,EL.PA,LSTM1,0,0.3948209285736084,0
409,EL.PA,LSTM1,0,0.42823168635368347,0
410,EL.PA,LSTM1,0,0.4513165354728699,1
411,EL.PA,LSTM1,0,0.46466773748397827,1
412,EL.PA,LSTM1,0,0.4795852601528168,1
413,EL.PA,LSTM1,0,0.4928652048110962,1
414,EL.PA,LSTM1,0,0.49774351716041565,1
415,EL.PA,LSTM1,0,0.5004503130912781,1
416,EL.PA,LSTM1,0,0.5074480175971985,1
417,EL.PA,LSTM1,0,0.5131707191467285,1
418,EL.PA,LSTM1,0,0.5222169160842896,1
419,EL.PA,LSTM1,0,0.531467854976654,1
420,EL.PA,LSTM1,0,0.5484987497329712,1
421,EL.PA,LSTM1,1,0.572491466999054,1
422,EL.PA,LSTM1,1,0.5929258465766907,1
423,EL.PA,LSTM1,1,0.6131370067596436,1
424,EL.PA,LSTM1,1,0.626488208770752,1
425,EL.PA,LSTM1,1,0.6310895681381226,1
426,EL.PA,LSTM1,1,0.6361415386199951,1
427,EL.PA,LSTM1,1,0.6392418146133423,1
428,EL.PA,LSTM1,1,0.6417155265808105,1
429,EL.PA,LSTM1,0,0.6345577239990234,1
430,EL.PA,LSTM1,0,0.6336827874183655,1
431,EL.PA,LSTM1,1,0.6199385523796082,1
432,EL.PA,LSTM1,0,0.594609260559082,1
433,EL.PA,LSTM1,0,0.5604576468467712,1
434,EL.PA,LSTM1,1,0.537869393825531,1
435,EL.PA,LSTM1,0,0.5108597874641418,1
436,EL.PA,LSTM1,1,0.4796939492225647,1
437,EL.PA,LSTM1,0,0.45453786849975586,1
438,EL.PA,LSTM1,1,0.4377765655517578,1
439,EL.PA,LSTM1,0,0.4282674789428711,0
440,EL.PA,LSTM1,0,0.42561811208724976,0
441,EL.PA,LSTM1,0,0.4267979562282562,0
442,EL.PA,LSTM1,1,0.4366651475429535,1
443,EL.PA,LSTM1,1,0.44735318422317505,1
444,EL.PA,LSTM1,1,0.4585244357585907,1
445,EL.PA,LSTM1,1,0.4644347131252289,1
446,EL.PA,LSTM1,1,0.4704604744911194,1
447,EL.PA,LSTM1,1,0.48522987961769104,1
448,EL.PA,LSTM1,0,0.48593392968177795,1
449,EL.PA,LSTM1,0,0.4930432140827179,1
450,EL.PA,LSTM1,0,0.4928901195526123,1
451,EL.PA,LSTM1,0,0.49189746379852295,1
452,EL.PA,LSTM1,0,0.4833756685256958,1
453,EL.PA,LSTM1,1,0.4840437173843384,1
454,EL.PA,LSTM1,1,0.4754505753517151,1
455,EL.PA,LSTM1,1,0.46654197573661804,1
456,EL.PA,LSTM1,1,0.4665498435497284,1
457,EL.PA,LSTM1,1,0.47046416997909546,1
458,EL.PA,LSTM1,1,0.46758508682250977,1
459,EL.PA,LSTM1,1,0.45972463488578796,1
460,EL.PA,LSTM1,1,0.45837467908859253,1
461,EL.PA,LSTM1,1,0.4603758156299591,1
462,EL.PA,LSTM1,1,0.45530813932418823,1
463,EL.PA,LSTM1,1,0.45633503794670105,1
464,EL.PA,LSTM1,1,0.45436301827430725,1
465,EL.PA,LSTM1,1,0.44928455352783203,1
466,EL.PA,LSTM1,1,0.4406610429286957,1
467,EL.PA,LSTM1,1,0.4316876530647278,1
468,EL.PA,LSTM1,1,0.4086114168167114,0
469,EL.PA,LSTM1,0,0.3845674991607666,0
470,EL.PA,LSTM1,1,0.36696428060531616,0
471,EL.PA,LSTM1,1,0.34946274757385254,0
472,EL.PA,LSTM1,1,0.32812777161598206,0
473,EL.PA,LSTM1,1,0.3145396113395691,0
474,EL.PA,LSTM1,0,0.3069682717323303,0
475,EL.PA,LSTM1,1,0.30359530448913574,0
476,EL.PA,LSTM1,1,0.30540862679481506,0
477,EL.PA,LSTM1,0,0.3098096251487732,0
478,EL.PA,LSTM1,0,0.3146100640296936,0
479,EL.PA,LSTM1,1,0.32879430055618286,0
480,EL.PA,LSTM1,0,0.5210081338882446,0
481,EL.PA,LSTM1,1,0.5339213013648987,0
482,EL.PA,LSTM1,0,0.5446202754974365,0
483,EL.PA,LSTM1,0,0.5529202818870544,0
484,EL.PA,LSTM1,1,0.5590611100196838,0
485,EL.PA,LSTM1,1,0.5632753372192383,0
486,EL.PA,LSTM1,0,0.5679696798324585,0
487,EL.PA,LSTM1,1,0.5717527866363525,0
488,EL.PA,LSTM1,0,0.5761832594871521,0
489,EL.PA,LSTM1,0,0.5776225328445435,0
490,EL.PA,LSTM1,0,0.5781660079956055,0
491,EL.PA,LSTM1,0,0.5711135268211365,0
492,EL.PA,LSTM1,0,0.561481237411499,0
493,EL.PA,LSTM1,1,0.5572105646133423,0
494,EL.PA,LSTM1,0,0.5546168684959412,0
495,EL.PA,LSTM1,0,0.5544477105140686,0
496,EL.PA,LSTM1,0,0.5570924878120422,0
497,EL.PA,LSTM1,1,0.5590798258781433,0
498,EL.PA,LSTM1,0,0.5616827011108398,0
499,EL.PA,LSTM1,0,0.5589648485183716,0
500,EL.PA,LSTM1,0,0.5602438449859619,0
501,EL.PA,LSTM1,1,0.5670626163482666,0
502,EL.PA,LSTM1,1,0.5762293338775635,0
503,EL.PA,LSTM1,1,0.5778310894966125,0
504,EL.PA,LSTM1,1,0.579404354095459,0
505,EL.PA,LSTM1,1,0.5864163637161255,0
506,EL.PA,LSTM1,1,0.5898798108100891,1
507,EL.PA,LSTM1,1,0.5882084369659424,1
508,EL.PA,LSTM1,0,0.5861196517944336,0
509,EL.PA,LSTM1,0,0.5869835615158081,0
510,EL.PA,LSTM1,0,0.5826769471168518,0
511,EL.PA,LSTM1,0,0.5757970213890076,0
512,EL.PA,LSTM1,0,0.5670442581176758,0
513,EL.PA,LSTM1,0,0.5592109560966492,0
514,EL.PA,LSTM1,0,0.5554733872413635,0
515,EL.PA,LSTM1,0,0.5503364205360413,0
516,EL.PA,LSTM1,0,0.5453672409057617,0
517,EL.PA,LSTM1,1,0.5436635613441467,0
518,EL.PA,LSTM1,1,0.5504559874534607,0
519,EL.PA,LSTM1,1,0.5592295527458191,0
520,EL.PA,LSTM1,1,0.5629245638847351,0
521,EL.PA,LSTM1,1,0.5695145130157471,0
522,EL.PA,LSTM1,1,0.5799091458320618,0
523,EL.PA,LSTM1,0,0.585820198059082,0
524,EL.PA,LSTM1,0,0.592086911201477,1
525,EL.PA,LSTM1,0,0.5976934432983398,1
526,EL.PA,LSTM1,0,0.6031988263130188,1
527,EL.PA,LSTM1,1,0.6054937839508057,1
528,EL.PA,LSTM1,1,0.6061474680900574,1
529,EL.PA,LSTM1,1,0.6039693355560303,1
530,EL.PA,LSTM1,1,0.6044315695762634,1
531,EL.PA,LSTM1,1,0.6003117561340332,1
532,EL.PA,LSTM1,1,0.5953143835067749,1
533,EL.PA,LSTM1,1,0.5864604115486145,0
534,EL.PA,LSTM1,1,0.5758309960365295,0
535,EL.PA,LSTM1,1,0.5645350217819214,0
536,EL.PA,LSTM1,1,0.558358371257782,0
537,EL.PA,LSTM1,1,0.556602418422699,0
538,EL.PA,LSTM1,0,0.5572725534439087,0
539,EL.PA,LSTM1,0,0.5589258074760437,0
540,EL.PA,LSTM1,0,0.5588142275810242,0
541,EL.PA,LSTM1,0,0.5579349398612976,0
542,EL.PA,LSTM1,0,0.5575459003448486,0
543,EL.PA,LSTM1,0,0.5570900440216064,0
544,EL.PA,LSTM1,0,0.5562279224395752,0
545,EL.PA,LSTM1,0,0.5562450885772705,0
546,EL.PA,LSTM1,0,0.5543290376663208,0
547,EL.PA,LSTM1,0,0.5517724752426147,0
548,EL.PA,LSTM1,0,0.5542686581611633,0
549,EL.PA,LSTM1,0,0.5580294132232666,0
550,EL.PA,LSTM1,0,0.5613168478012085,0
551,EL.PA,LSTM1,1,0.5687805414199829,0
552,EL.PA,LSTM1,0,0.5745082497596741,0
553,EL.PA,LSTM1,0,0.5783689618110657,0
554,EL.PA,LSTM1,0,0.5825080871582031,0
555,EL.PA,LSTM1,0,0.5874490737915039,0
556,EL.PA,LSTM1,1,0.5908303260803223,1
557,EL.PA,LSTM1,1,0.5948354005813599,1
558,EL.PA,LSTM1,1,0.5991384983062744,1
559,EL.PA,LSTM1,1,0.6009961366653442,1
560,EL.PA,LSTM1,0,0.44108906388282776,1
561,EL.PA,LSTM1,0,0.43892356753349304,1
562,EL.PA,LSTM1,0,0.4380623996257782,1
563,EL.PA,LSTM1,1,0.43488818407058716,1
564,EL.PA,LSTM1,1,0.4356834888458252,1
565,EL.PA,LSTM1,1,0.4347376823425293,1
566,EL.PA,LSTM1,1,0.43496274948120117,1
567,EL.PA,LSTM1,1,0.43892502784729004,1
568,EL.PA,LSTM1,1,0.4399900436401367,1
569,EL.PA,LSTM1,1,0.4406398832798004,1
570,EL.PA,LSTM1,1,0.4375446140766144,1
571,EL.PA,LSTM1,1,0.43706202507019043,1
572,EL.PA,LSTM1,1,0.4335988461971283,1
573,EL.PA,LSTM1,1,0.4295402765274048,1
574,EL.PA,LSTM1,1,0.4265514016151428,1
575,EL.PA,LSTM1,1,0.4224655032157898,1
576,EL.PA,LSTM1,0,0.41918790340423584,1
577,EL.PA,LSTM1,1,0.41498997807502747,1
578,EL.PA,LSTM1,0,0.4117441177368164,1
579,EL.PA,LSTM1,0,0.40816667675971985,1
580,EL.PA,LSTM1,0,0.40598735213279724,1
581,EL.PA,LSTM1,0,0.40132924914360046,1
582,EL.PA,LSTM1,0,0.3964884281158447,1
583,EL.PA,LSTM1,0,0.3945886790752411,1
584,EL.PA,LSTM1,0,0.3919612765312195,1
585,EL.PA,LSTM1,0,0.39161625504493713,1
586,EL.PA,LSTM1,1,0.394353985786438,1
587,EL.PA,LSTM1,1,0.4007096290588379,1
588,EL.PA,LSTM1,1,0.40589019656181335,1
589,EL.PA,LSTM1,1,0.4127616882324219,1
590,EL.PA,LSTM1,1,0.41851353645324707,1
591,EL.PA,LSTM1,1,0.4188992381095886,1
592,EL.PA,LSTM1,1,0.4174691438674927,1
593,EL.PA,LSTM1,1,0.4156040847301483,1
594,EL.PA,LSTM1,1,0.4129446744918823,1
595,EL.PA,LSTM1,1,0.4136263132095337,1
596,EL.PA,LSTM1,1,0.4179103672504425,1
597,EL.PA,LSTM1,1,0.41929545998573303,1
598,EL.PA,LSTM1,0,0.41703760623931885,1
599,EL.PA,LSTM1,1,0.41607868671417236,1
600,EL.PA,LSTM1,1,0.4105895757675171,1
601,EL.PA,LSTM1,1,0.40338343381881714,1
602,EL.PA,LSTM1,1,0.39873620867729187,1
603,EL.PA,LSTM1,1,0.3975834250450134,1
604,EL.PA,LSTM1,1,0.3962622284889221,1
605,EL.PA,LSTM1,1,0.39520755410194397,1
606,EL.PA,LSTM1,1,0.39178740978240967,1
607,EL.PA,LSTM1,1,0.3867858350276947,1
608,EL.PA,LSTM1,1,0.38047534227371216,1
609,EL.PA,LSTM1,1,0.3742695152759552,1
610,EL.PA,LSTM1,1,0.3686616122722626,1
611,EL.PA,LSTM1,1,0.366066575050354,1
612,EL.PA,LSTM1,1,0.36596786975860596,1
613,EL.PA,LSTM1,0,0.36181992292404175,0
614,EL.PA,LSTM1,0,0.3581089377403259,0
615,EL.PA,LSTM1,0,0.3559468388557434,0
616,EL.PA,LSTM1,0,0.352563738822937,0
617,EL.PA,LSTM1,0,0.34754276275634766,0
618,EL.PA,LSTM1,0,0.34445732831954956,0
619,EL.PA,LSTM1,0,0.34455549716949463,0
620,EL.PA,LSTM1,1,0.3503473997116089,0
621,EL.PA,LSTM1,1,0.3563346564769745,0
622,EL.PA,LSTM1,1,0.3629726469516754,1
623,EL.PA,LSTM1,1,0.3718390464782715,1
624,EL.PA,LSTM1,1,0.37965238094329834,1
625,EL.PA,LSTM1,1,0.38373085856437683,1
626,EL.PA,LSTM1,0,0.38614821434020996,1
627,EL.PA,LSTM1,0,0.3895687460899353,1
628,EL.PA,LSTM1,0,0.3931635320186615,1
629,EL.PA,LSTM1,0,0.39729636907577515,1
630,EL.PA,LSTM1,0,0.4016243815422058,1
631,EL.PA,LSTM1,0,0.40568217635154724,1
632,EL.PA,LSTM1,0,0.4109291136264801,1
633,EL.PA,LSTM1,0,0.413854718208313,1
634,EL.PA,LSTM1,1,0.4169882535934448,1
635,EL.PA,LSTM1,1,0.4208622872829437,1
636,EL.PA,LSTM1,1,0.42605873942375183,1
637,EL.PA,LSTM1,0,0.4290834963321686,1
638,EL.PA,LSTM1,1,0.43058866262435913,1
639,EL.PA,LSTM1,1,0.4326139986515045,1
640,EL.PA,LSTM1,0,0.381071537733078,0
641,EL.PA,LSTM1,0,0.378625750541687,0
642,EL.PA,LSTM1,0,0.3769483268260956,0
643,EL.PA,LSTM1,0,0.37545228004455566,0
644,EL.PA,LSTM1,0,0.38069963455200195,0
645,EL.PA,LSTM1,0,0.3835856318473816,0
646,EL.PA,LSTM1,0,0.3844776749610901,0
647,EL.PA,LSTM1,0,0.3863268196582794,0
648,EL.PA,LSTM1,0,0.3905124068260193,0
649,EL.PA,LSTM1,0,0.39563268423080444,0
650,EL.PA,LSTM1,1,0.4017542898654938,0
651,EL.PA,LSTM1,0,0.4052891135215759,0
652,EL.PA,LSTM1,0,0.41138243675231934,0
653,EL.PA,LSTM1,0,0.4197908639907837,0
654,EL.PA,LSTM1,0,0.4263867139816284,0
655,EL.PA,LSTM1,0,0.42933300137519836,0
656,EL.PA,LSTM1,0,0.4363889992237091,0
657,EL.PA,LSTM1,0,0.4406449496746063,0
658,EL.PA,LSTM1,0,0.4431096315383911,0
659,EL.PA,LSTM1,0,0.4453355073928833,0
660,EL.PA,LSTM1,0,0.46259942650794983,0
661,EL.PA,LSTM1,0,0.48052048683166504,0
662,EL.PA,LSTM1,0,0.49868321418762207,0
663,EL.PA,LSTM1,0,0.5138220191001892,0
664,EL.PA,LSTM1,0,0.527532160282135,0
665,EL.PA,LSTM1,0,0.5395569801330566,0
666,EL.PA,LSTM1,1,0.547200083732605,0
667,EL.PA,LSTM1,0,0.5536251664161682,0
668,EL.PA,LSTM1,0,0.5623133182525635,0
669,EL.PA,LSTM1,0,0.573609471321106,0
670,EL.PA,LSTM1,1,0.5837628841400146,1
671,EL.PA,LSTM1,0,0.5874277353286743,1
672,EL.PA,LSTM1,1,0.5938743948936462,1
673,EL.PA,LSTM1,0,0.5935518741607666,1
674,EL.PA,LSTM1,1,0.5997136235237122,1
675,EL.PA,LSTM1,0,0.6037533283233643,1
676,EL.PA,LSTM1,0,0.6078402400016785,1
677,EL.PA,LSTM1,0,0.6098904013633728,1
678,EL.PA,LSTM1,0,0.6120736598968506,1
679,EL.PA,LSTM1,0,0.6109530329704285,1
680,EL.PA,LSTM1,0,0.6076877117156982,1
681,EL.PA,LSTM1,0,0.6080795526504517,1
682,EL.PA,LSTM1,1,0.6215378046035767,1
683,EL.PA,LSTM1,1,0.631734311580658,1
684,EL.PA,LSTM1,1,0.6345160603523254,1
685,EL.PA,LSTM1,1,0.6388671398162842,1
686,EL.PA,LSTM1,1,0.6440608501434326,1
687,EL.PA,LSTM1,1,0.6412426233291626,1
688,EL.PA,LSTM1,1,0.6363683938980103,1
689,EL.PA,LSTM1,1,0.63755202293396,1
690,EL.PA,LSTM1,1,0.6425341367721558,1
691,EL.PA,LSTM1,1,0.6446795463562012,1
692,EL.PA,LSTM1,1,0.6434866786003113,1
693,EL.PA,LSTM1,1,0.6425954699516296,1
694,EL.PA,LSTM1,1,0.6416022181510925,1
695,EL.PA,LSTM1,1,0.6314990520477295,1
696,EL.PA,LSTM1,1,0.6231300234794617,1
697,EL.PA,LSTM1,1,0.6143194437026978,1
698,EL.PA,LSTM1,1,0.6107532978057861,1
699,EL.PA,LSTM1,1,0.6060198545455933,1
700,EL.PA,LSTM1,1,0.5967002511024475,1
701,EL.PA,LSTM1,1,0.5907597541809082,1
702,EL.PA,LSTM1,1,0.5855209827423096,1
703,EL.PA,LSTM1,1,0.5806443691253662,1
704,EL.PA,LSTM1,1,0.5746268630027771,1
705,EL.PA,LSTM1,0,0.5709319114685059,0
706,EL.PA,LSTM1,0,0.5672688484191895,0
707,EL.PA,LSTM1,0,0.5632346868515015,0
708,EL.PA,LSTM1,0,0.5594297051429749,0
709,EL.PA,LSTM1,0,0.553065836429596,0
710,EL.PA,LSTM1,0,0.5491278767585754,0
711,EL.PA,LSTM1,0,0.5462535619735718,0
712,EL.PA,LSTM1,0,0.5463169813156128,0
713,EL.PA,LSTM1,1,0.5463848114013672,0
714,EL.PA,LSTM1,1,0.5472023487091064,0
715,EL.PA,LSTM1,1,0.5495097041130066,0
716,EL.PA,LSTM1,1,0.5506842732429504,0
717,EL.PA,LSTM1,1,0.5521042346954346,0
718,EL.PA,LSTM1,1,0.5596426725387573,0
719,EL.PA,LSTM1,1,0.5662444233894348,0
720,EL.PA,LSTM1,0,0.5336645245552063,1
721,EL.PA,LSTM1,0,0.5348489284515381,1
722,EL.PA,LSTM1,0,0.5400884747505188,1
723,EL.PA,LSTM1,0,0.5472559332847595,1
724,EL.PA,LSTM1,1,0.5536352396011353,1
725,EL.PA,LSTM1,1,0.555233895778656,1
726,EL.PA,LSTM1,1,0.5586825013160706,1
727,EL.PA,LSTM1,1,0.561203122138977,1
728,EL.PA,LSTM1,1,0.5643191933631897,1
729,EL.PA,LSTM1,0,0.560640811920166,1
730,EL.PA,LSTM1,1,0.5582011342048645,1
731,EL.PA,LSTM1,1,0.5589218735694885,1
732,EL.PA,LSTM1,1,0.5535352826118469,1
733,EL.PA,LSTM1,1,0.5525681376457214,1
734,EL.PA,LSTM1,1,0.5510438084602356,1
735,EL.PA,LSTM1,1,0.5528608560562134,1
736,EL.PA,LSTM1,1,0.5525861382484436,1
737,EL.PA,LSTM1,1,0.5480188727378845,1
738,EL.PA,LSTM1,1,0.5369914770126343,1
739,EL.PA,LSTM1,1,0.5312023758888245,1
740,EL.PA,LSTM1,1,0.5291632413864136,1
741,EL.PA,LSTM1,1,0.5261708498001099,1
742,EL.PA,LSTM1,1,0.5265006422996521,1
743,EL.PA,LSTM1,1,0.5291557312011719,1
744,EL.PA,LSTM1,1,0.5253334045410156,1
745,EL.PA,LSTM1,1,0.5221662521362305,1
746,EL.PA,LSTM1,1,0.519605815410614,1
747,EL.PA,LSTM1,1,0.5157576203346252,1
748,EL.PA,LSTM1,1,0.5070055723190308,1
749,EL.PA,LSTM1,0,0.4994755983352661,1
750,EL.PA,LSTM1,0,0.49603450298309326,1
751,EL.PA,LSTM1,0,0.49280962347984314,1
752,EL.PA,LSTM1,0,0.4921169877052307,1
753,EL.PA,LSTM1,0,0.4896478056907654,1
754,EL.PA,LSTM1,0,0.4813196659088135,1
755,EL.PA,LSTM1,1,0.48021918535232544,1
756,EL.PA,LSTM1,1,0.4768728017807007,1
757,EL.PA,LSTM1,1,0.47818756103515625,1
758,EL.PA,LSTM1,1,0.47489243745803833,1
759,EL.PA,LSTM1,1,0.4771130383014679,1
760,EL.PA,LSTM1,1,0.4767313003540039,1
761,EL.PA,LSTM1,1,0.4722861051559448,1
762,EL.PA,LSTM1,1,0.4592357575893402,1
763,EL.PA,LSTM1,1,0.45259565114974976,1
764,EL.PA,LSTM1,1,0.4501594305038452,1
765,EL.PA,LSTM1,1,0.4472234845161438,1
766,EL.PA,LSTM1,1,0.4416787028312683,1
767,EL.PA,LSTM1,1,0.4478626847267151,1
768,EL.PA,LSTM1,1,0.4359121322631836,1
769,EL.PA,LSTM1,1,0.42269814014434814,1
770,EL.PA,LSTM1,1,0.4125607907772064,1
771,EL.PA,LSTM1,1,0.40156829357147217,1
772,EL.PA,LSTM1,1,0.39139288663864136,1
773,EL.PA,LSTM1,1,0.38874661922454834,1
774,EL.PA,LSTM1,1,0.3868717849254608,1
775,EL.PA,LSTM1,1,0.38466688990592957,1
776,EL.PA,LSTM1,1,0.3820365071296692,1
777,EL.PA,LSTM1,0,0.3787113130092621,0
778,EL.PA,LSTM1,0,0.36158323287963867,0
779,EL.PA,LSTM1,0,0.35468417406082153,0
780,EL.PA,LSTM1,0,0.35175731778144836,0
781,EL.PA,LSTM1,0,0.34615159034729004,0
782,EL.PA,LSTM1,0,0.3416851758956909,0
783,EL.PA,LSTM1,0,0.3416266441345215,0
784,EL.PA,LSTM1,1,0.3428260385990143,0
785,EL.PA,LSTM1,1,0.3398980498313904,0
786,EL.PA,LSTM1,0,0.3339170813560486,0
787,EL.PA,LSTM1,0,0.32910335063934326,0
788,EL.PA,LSTM1,0,0.3237855136394501,0
789,EL.PA,LSTM1,0,0.32411277294158936,0
790,EL.PA,LSTM1,0,0.31957924365997314,0
791,EL.PA,LSTM1,0,0.31473585963249207,0
792,EL.PA,LSTM1,0,0.3147631585597992,0
793,EL.PA,LSTM1,0,0.31600823998451233,0
794,EL.PA,LSTM1,0,0.31559598445892334,0
795,EL.PA,LSTM1,0,0.3157058358192444,0
796,EL.PA,LSTM1,1,0.3186666965484619,0
797,EL.PA,LSTM1,1,0.32112812995910645,0
798,EL.PA,LSTM1,1,0.3226879835128784,0
799,EL.PA,LSTM1,1,0.3257368803024292,0
800,EL.PA,LSTM1,1,0.43885836005210876,0
801,EL.PA,LSTM1,1,0.4392848014831543,0
802,EL.PA,LSTM1,1,0.4438653290271759,0
803,EL.PA,LSTM1,1,0.452314168214798,0
804,EL.PA,LSTM1,1,0.4579485356807709,0
805,EL.PA,LSTM1,1,0.4659179449081421,0
806,EL.PA,LSTM1,1,0.4703245759010315,0
807,EL.PA,LSTM1,1,0.4796033799648285,0
808,EL.PA,LSTM1,1,0.488935261964798,0
809,EL.PA,LSTM1,0,0.4946988821029663,0
810,EL.PA,LSTM1,0,0.5010266304016113,0
811,EL.PA,LSTM1,0,0.5111182928085327,0
812,EL.PA,LSTM1,0,0.5193594098091125,0
813,EL.PA,LSTM1,0,0.5177491307258606,0
814,EL.PA,LSTM1,0,0.5163232684135437,0
815,EL.PA,LSTM1,0,0.5151596665382385,0
816,EL.PA,LSTM1,0,0.5225669741630554,0
817,EL.PA,LSTM1,0,0.5339875817298889,0
818,EL.PA,LSTM1,0,0.5415357351303101,0
819,EL.PA,LSTM1,0,0.5476463437080383,0
820,EL.PA,LSTM1,1,0.554641842842102,0
821,EL.PA,LSTM1,0,0.5522531270980835,0
822,EL.PA,LSTM1,0,0.5438703298568726,0
823,EL.PA,LSTM1,0,0.539219856262207,0
824,EL.PA,LSTM1,0,0.5418896079063416,0
825,EL.PA,LSTM1,0,0.5483022928237915,0
826,EL.PA,LSTM1,0,0.5580787658691406,0
827,EL.PA,LSTM1,0,0.5659202337265015,0
828,EL.PA,LSTM1,0,0.5725868344306946,0
829,EL.PA,LSTM1,0,0.5797586441040039,0
830,EL.PA,LSTM1,0,0.585202693939209,0
831,EL.PA,LSTM1,0,0.5912899971008301,0
832,EL.PA,LSTM1,0,0.6014502048492432,0
833,EL.PA,LSTM1,1,0.6112927794456482,0
834,EL.PA,LSTM1,1,0.6210352778434753,0
835,EL.PA,LSTM1,0,0.6268673539161682,0
836,EL.PA,LSTM1,1,0.6328026652336121,0
837,EL.PA,LSTM1,1,0.6348925828933716,1
838,EL.PA,LSTM1,1,0.6363697648048401,1
839,EL.PA,LSTM1,1,0.637373149394989,1
840,EL.PA,LSTM1,1,0.6369708776473999,1
841,EL.PA,LSTM1,1,0.6370521187782288,1
842,EL.PA,LSTM1,1,0.6390476226806641,1
843,EL.PA,LSTM1,1,0.6394459009170532,1
844,EL.PA,LSTM1,1,0.6374006271362305,1
845,EL.PA,LSTM1,0,0.6340245604515076,0
846,EL.PA,LSTM1,0,0.6325215101242065,0
847,EL.PA,LSTM1,0,0.6320537328720093,0
848,EL.PA,LSTM1,0,0.6321873664855957,0
849,EL.PA,LSTM1,0,0.6352941989898682,1
850,EL.PA,LSTM1,0,0.6371279954910278,1
851,EL.PA,LSTM1,0,0.6395208835601807,1
852,EL.PA,LSTM1,0,0.6414752006530762,1
853,EL.PA,LSTM1,0,0.6412363648414612,1
854,EL.PA,LSTM1,0,0.6394226551055908,1
855,EL.PA,LSTM1,1,0.6381254196166992,1
856,EL.PA,LSTM1,1,0.6359760761260986,1
857,EL.PA,LSTM1,1,0.6318062543869019,0
858,EL.PA,LSTM1,1,0.6334801912307739,0
859,EL.PA,LSTM1,1,0.6359320878982544,1
860,EL.PA,LSTM1,1,0.6341395378112793,1
861,EL.PA,LSTM1,0,0.6305215358734131,0
862,EL.PA,LSTM1,0,0.6285760402679443,0
863,EL.PA,LSTM1,0,0.6286807060241699,0
864,EL.PA,LSTM1,0,0.6258804798126221,0
865,EL.PA,LSTM1,0,0.6284279823303223,0
866,EL.PA,LSTM1,0,0.6329008340835571,0
867,EL.PA,LSTM1,0,0.6402727365493774,1
868,EL.PA,LSTM1,0,0.6440802812576294,1
869,EL.PA,LSTM1,0,0.6479365825653076,1
870,EL.PA,LSTM1,0,0.6533405184745789,1
871,EL.PA,LSTM1,1,0.6538671851158142,1
872,EL.PA,LSTM1,1,0.6523260474205017,1
873,EL.PA,LSTM1,1,0.6533249616622925,1
874,EL.PA,LSTM1,1,0.6541439294815063,1
875,EL.PA,LSTM1,1,0.653098464012146,1
876,EL.PA,LSTM1,1,0.6523053050041199,1
877,EL.PA,LSTM1,1,0.6528658866882324,1
878,EL.PA,LSTM1,1,0.647402822971344,1
879,EL.PA,LSTM1,1,0.6473206877708435,1
880,EL.PA,LSTM1,1,0.5322967767715454,1
881,EL.PA,LSTM1,1,0.5262290239334106,1
882,EL.PA,LSTM1,1,0.5269179940223694,1
883,EL.PA,LSTM1,1,0.5273296236991882,1
884,EL.PA,LSTM1,1,0.5288077592849731,1
885,EL.PA,LSTM1,1,0.5274919271469116,1
886,EL.PA,LSTM1,1,0.5317949056625366,1
887,EL.PA,LSTM1,0,0.524529218673706,1
888,EL.PA,LSTM1,0,0.5189234018325806,1
889,EL.PA,LSTM1,0,0.514382541179657,1
890,EL.PA,LSTM1,0,0.5077496767044067,0
891,EL.PA,LSTM1,0,0.5019586682319641,0
892,EL.PA,LSTM1,1,0.5023322701454163,0
893,EL.PA,LSTM1,1,0.5064226388931274,0
894,EL.PA,LSTM1,1,0.5091813802719116,1
895,EL.PA,LSTM1,1,0.509990930557251,1
896,EL.PA,LSTM1,1,0.5107596516609192,1
897,EL.PA,LSTM1,1,0.5054478049278259,0
898,EL.PA,LSTM1,0,0.5039242506027222,0
899,EL.PA,LSTM1,0,0.4991999566555023,0
900,EL.PA,LSTM1,0,0.4966118633747101,0
901,EL.PA,LSTM1,0,0.4928356409072876,0
902,EL.PA,LSTM1,0,0.4885891377925873,0
903,EL.PA,LSTM1,0,0.48049595952033997,0
904,EL.PA,LSTM1,0,0.4751684367656708,0
905,EL.PA,LSTM1,0,0.47163665294647217,0
906,EL.PA,LSTM1,0,0.4678349792957306,0
907,EL.PA,LSTM1,0,0.4637683928012848,0
908,EL.PA,LSTM1,0,0.46484071016311646,0
909,EL.PA,LSTM1,0,0.46309053897857666,0
910,EL.PA,LSTM1,0,0.4627404808998108,0
911,EL.PA,LSTM1,1,0.4679470360279083,0
912,EL.PA,LSTM1,1,0.4742806851863861,0
913,EL.PA,LSTM1,1,0.4730224311351776,0
914,EL.PA,LSTM1,1,0.4728711247444153,0
915,EL.PA,LSTM1,1,0.47456294298171997,0
916,EL.PA,LSTM1,1,0.47218191623687744,0
917,EL.PA,LSTM1,1,0.47093096375465393,0
918,EL.PA,LSTM1,1,0.46461257338523865,0
919,EL.PA,LSTM1,1,0.4615589380264282,0
920,EL.PA,LSTM1,0,0.4590400457382202,0
921,EL.PA,LSTM1,0,0.4620836675167084,0
922,EL.PA,LSTM1,0,0.46017831563949585,0
923,EL.PA,LSTM1,0,0.4604444205760956,0
924,EL.PA,LSTM1,0,0.46275073289871216,0
925,EL.PA,LSTM1,0,0.4619314670562744,0
926,EL.PA,LSTM1,0,0.4593604803085327,0
927,EL.PA,LSTM1,0,0.4644503593444824,0
928,EL.PA,LSTM1,0,0.472167044878006,0
929,EL.PA,LSTM1,0,0.48462727665901184,0
930,EL.PA,LSTM1,1,0.49758756160736084,0
931,EL.PA,LSTM1,1,0.5024443864822388,0
932,EL.PA,LSTM1,1,0.5092013478279114,1
933,EL.PA,LSTM1,1,0.5159943699836731,1
934,EL.PA,LSTM1,1,0.5143221020698547,1
935,EL.PA,LSTM1,1,0.5095503330230713,1
936,EL.PA,LSTM1,1,0.505781888961792,0
937,EL.PA,LSTM1,1,0.5019927620887756,0
938,EL.PA,LSTM1,0,0.4899509847164154,0
939,EL.PA,LSTM1,0,0.48683857917785645,0
940,EL.PA,LSTM1,1,0.48574545979499817,0
941,EL.PA,LSTM1,1,0.48249489068984985,0
942,EL.PA,LSTM1,1,0.4827253818511963,0
943,EL.PA,LSTM1,1,0.48415422439575195,0
944,EL.PA,LSTM1,1,0.4886397421360016,0
945,EL.PA,LSTM1,1,0.5000067353248596,0
946,EL.PA,LSTM1,1,0.5105302333831787,1
947,EL.PA,LSTM1,0,0.5070111751556396,0
948,EL.PA,LSTM1,0,0.5083249807357788,0
949,EL.PA,LSTM1,0,0.5121138691902161,1
950,EL.PA,LSTM1,1,0.5123443603515625,1
951,EL.PA,LSTM1,1,0.5089621543884277,1
952,EL.PA,LSTM1,0,0.5077018737792969,0
953,EL.PA,LSTM1,0,0.5056755542755127,0
954,EL.PA,LSTM1,0,0.5032187104225159,0
955,EL.PA,LSTM1,0,0.505222499370575,0
956,EL.PA,LSTM1,0,0.4984287619590759,0
957,EL.PA,LSTM1,0,0.4960589110851288,0
958,EL.PA,LSTM1,0,0.4985467493534088,0
959,EL.PA,LSTM1,0,0.501622200012207,0
960,EL.PA,LSTM1,0,0.5302925705909729,1
961,EL.PA,LSTM1,0,0.5344009399414062,1
962,EL.PA,LSTM1,1,0.5425750613212585,1
963,EL.PA,LSTM1,1,0.5454980134963989,1
964,EL.PA,LSTM1,1,0.5452187061309814,1
965,EL.PA,LSTM1,1,0.5411778688430786,1
966,EL.PA,LSTM1,1,0.5393051505088806,1
967,EL.PA,LSTM1,1,0.5361775755882263,1
968,EL.PA,LSTM1,1,0.528468906879425,1
969,EL.PA,LSTM1,1,0.5228123068809509,1
970,EL.PA,LSTM1,1,0.5204665064811707,1
971,EL.PA,LSTM1,1,0.5160864591598511,1
972,EL.PA,LSTM1,1,0.5105456709861755,1
973,EL.PA,LSTM1,1,0.5077024698257446,1
974,EL.PA,LSTM1,1,0.5076565146446228,1
975,EL.PA,LSTM1,1,0.5044488310813904,1
976,EL.PA,LSTM1,1,0.5014948844909668,1
977,EL.PA,LSTM1,1,0.4971025884151459,1
978,EL.PA,LSTM1,1,0.49485328793525696,1
979,EL.PA,LSTM1,0,0.4878494441509247,1
980,EL.PA,LSTM1,0,0.48043978214263916,1
981,EL.PA,LSTM1,0,0.4751385450363159,1
982,EL.PA,LSTM1,0,0.4761882722377777,1
983,EL.PA,LSTM1,0,0.4776923656463623,1
984,EL.PA,LSTM1,0,0.4788583517074585,1
985,EL.PA,LSTM1,0,0.47653281688690186,1
986,EL.PA,LSTM1,1,0.47988802194595337,1
987,EL.PA,LSTM1,1,0.4826057255268097,1
988,EL.PA,LSTM1,1,0.48442935943603516,1
989,EL.PA,LSTM1,1,0.48553648591041565,1
990,EL.PA,LSTM1,1,0.4878309965133667,1
991,EL.PA,LSTM1,1,0.48725995421409607,1
992,EL.PA,LSTM1,1,0.48374488949775696,1
993,EL.PA,LSTM1,1,0.4816572070121765,1
994,EL.PA,LSTM1,1,0.48070675134658813,1
995,EL.PA,LSTM1,1,0.47812044620513916,1
996,EL.PA,LSTM1,1,0.4713749289512634,1
997,EL.PA,LSTM1,0,0.45970940589904785,1
998,EL.PA,LSTM1,1,0.45311179757118225,1
999,EL.PA,LSTM1,0,0.4426392614841461,1
1000,EL.PA,LSTM1,0,0.4342045187950134,1
1001,EL.PA,LSTM1,1,0.43335196375846863,1
1002,EL.PA,LSTM1,1,0.4409194588661194,1
1003,EL.PA,LSTM1,1,0.44379761815071106,1
1004,EL.PA,LSTM1,0,0.4480252265930176,1
1005,EL.PA,LSTM1,0,0.4514452815055847,1
1006,EL.PA,LSTM1,1,0.4592679440975189,1
1007,EL.PA,LSTM1,1,0.46003541350364685,1
1008,EL.PA,LSTM1,1,0.4535406231880188,1
1009,EL.PA,LSTM1,1,0.44961366057395935,1
1010,EL.PA,LSTM1,1,0.4474124610424042,1
1011,EL.PA,LSTM1,1,0.4527336657047272,1
1012,EL.PA,LSTM1,1,0.4519502520561218,1
1013,EL.PA,LSTM1,1,0.4491903781890869,1
1014,EL.PA,LSTM1,1,0.4484950602054596,1
1015,EL.PA,LSTM1,1,0.44065892696380615,1
1016,EL.PA,LSTM1,1,0.4319206476211548,1
1017,EL.PA,LSTM1,0,0.42150890827178955,1
1018,EL.PA,LSTM1,1,0.4181024134159088,1
1019,EL.PA,LSTM1,0,0.41322025656700134,1
1020,EL.PA,LSTM1,0,0.4119061529636383,0
1021,EL.PA,LSTM1,1,0.41269201040267944,1
1022,EL.PA,LSTM1,1,0.4137972593307495,1
1023,EL.PA,LSTM1,1,0.4166208505630493,1
1024,EL.PA,LSTM1,1,0.41688287258148193,1
1025,EL.PA,LSTM1,1,0.4140939712524414,1
1026,EL.PA,LSTM1,1,0.4128580391407013,1
1027,EL.PA,LSTM1,1,0.41290274262428284,1
1028,EL.PA,LSTM1,1,0.41079050302505493,0
1029,EL.PA,LSTM1,0,0.401303231716156,0
1030,EL.PA,LSTM1,0,0.3981962502002716,0
1031,EL.PA,LSTM1,1,0.398016095161438,0
1032,EL.PA,LSTM1,0,0.39295923709869385,0
1033,EL.PA,LSTM1,0,0.3862437605857849,0
1034,EL.PA,LSTM1,0,0.3843293786048889,0
1035,EL.PA,LSTM1,0,0.38230663537979126,0
1036,EL.PA,LSTM1,0,0.38114917278289795,0
1037,EL.PA,LSTM1,0,0.377830445766449,0
1038,EL.PA,LSTM1,0,0.377072811126709,0
1039,EL.PA,LSTM1,0,0.3796072006225586,0
1040,EL.PA,LSTM1,1,0.48910650610923767,0
1041,EL.PA,LSTM1,1,0.49216127395629883,0
1042,EL.PA,LSTM1,1,0.49639245867729187,0
1043,EL.PA,LSTM1,1,0.5009705424308777,0
1044,EL.PA,LSTM1,1,0.4966547191143036,0
1045,EL.PA,LSTM1,1,0.49290457367897034,0
1046,EL.PA,LSTM1,1,0.4890833795070648,0
1047,EL.PA,LSTM1,1,0.4872574806213379,0
1048,EL.PA,LSTM1,1,0.48215362429618835,0
1049,EL.PA,LSTM1,1,0.47829484939575195,0
1050,EL.PA,LSTM1,1,0.4714183211326599,0
1051,EL.PA,LSTM1,1,0.4659988582134247,0
1052,EL.PA,LSTM1,1,0.45953935384750366,0
1053,EL.PA,LSTM1,0,0.4509153366088867,0
1054,EL.PA,LSTM1,0,0.4466416835784912,0
1055,EL.PA,LSTM1,0,0.44841140508651733,0
1056,EL.PA,LSTM1,0,0.44971469044685364,0
1057,EL.PA,LSTM1,0,0.45335668325424194,0
1058,EL.PA,LSTM1,0,0.4635978937149048,0
1059,EL.PA,LSTM1,0,0.4710434079170227,0
1060,EL.PA,LSTM1,0,0.4770815074443817,0
1061,EL.PA,LSTM1,0,0.4803817570209503,0
1062,EL.PA,LSTM1,0,0.48636987805366516,0
1063,EL.PA,LSTM1,0,0.49794191122055054,0
1064,EL.PA,LSTM1,1,0.514656662940979,0
1065,EL.PA,LSTM1,1,0.5261407494544983,0
1066,EL.PA,LSTM1,1,0.5324745178222656,0
1067,EL.PA,LSTM1,1,0.5382307171821594,0
1068,EL.PA,LSTM1,1,0.5431340336799622,0
1069,EL.PA,LSTM1,1,0.5391358733177185,0
1070,EL.PA,LSTM1,1,0.5233155488967896,0
1071,EL.PA,LSTM1,1,0.5150826573371887,0
1072,EL.PA,LSTM1,1,0.4948920011520386,0
1073,EL.PA,LSTM1,0,0.47851353883743286,0
1074,EL.PA,LSTM1,1,0.46287089586257935,0
1075,EL.PA,LSTM1,0,0.45801690220832825,0
1076,EL.PA,LSTM1,1,0.4541124999523163,0
1077,EL.PA,LSTM1,1,0.45458993315696716,0
1078,EL.PA,LSTM1,0,0.4597186744213104,0
1079,EL.PA,LSTM1,0,0.4672051966190338,0
1080,EL.PA,LSTM1,0,0.4773099422454834,0
1081,EL.PA,LSTM1,0,0.48740044236183167,0
1082,EL.PA,LSTM1,0,0.49989739060401917,0
1083,EL.PA,LSTM1,0,0.5156556963920593,0
1084,EL.PA,LSTM1,0,0.5265642404556274,0
1085,EL.PA,LSTM1,0,0.5319299697875977,0
1086,EL.PA,LSTM1,0,0.5336791276931763,0
1087,EL.PA,LSTM1,0,0.5338280200958252,0
1088,EL.PA,LSTM1,0,0.5326387882232666,0
1089,EL.PA,LSTM1,0,0.5330601930618286,0
1090,EL.PA,LSTM1,0,0.5298005938529968,0
1091,EL.PA,LSTM1,0,0.5307127833366394,0
1092,EL.PA,LSTM1,1,0.5324621200561523,0
1093,EL.PA,LSTM1,1,0.5415247082710266,0
1094,EL.PA,LSTM1,1,0.5535101294517517,0
1095,EL.PA,LSTM1,1,0.5569233894348145,1
1096,EL.PA,LSTM1,1,0.56158047914505,1
1097,EL.PA,LSTM1,1,0.5620798468589783,1
1098,EL.PA,LSTM1,1,0.56087327003479,1
1099,EL.PA,LSTM1,0,0.5534422397613525,0
1100,EL.PA,LSTM1,0,0.5505218505859375,0
1101,EL.PA,LSTM1,0,0.5446505546569824,0
1102,EL.PA,LSTM1,0,0.54082190990448,0
1103,EL.PA,LSTM1,0,0.5317836999893188,0
1104,EL.PA,LSTM1,0,0.5267743468284607,0
1105,EL.PA,LSTM1,0,0.5280684232711792,0
1106,EL.PA,LSTM1,1,0.5292325019836426,0
1107,EL.PA,LSTM1,1,0.5301621556282043,0
1108,EL.PA,LSTM1,0,0.5334002375602722,0
1109,EL.PA,LSTM1,0,0.5431587100028992,0
1110,EL.PA,LSTM1,0,0.5548298358917236,0
1111,EL.PA,LSTM1,1,0.5697271227836609,1
1112,EL.PA,LSTM1,1,0.5837189555168152,1
1113,EL.PA,LSTM1,1,0.5897958278656006,1
1114,EL.PA,LSTM1,0,0.5954794883728027,1
1115,EL.PA,LSTM1,1,0.5924752354621887,1
1116,EL.PA,LSTM1,1,0.5900397896766663,1
1117,EL.PA,LSTM1,1,0.5870391726493835,1
1118,EL.PA,LSTM1,1,0.5790294408798218,1
1119,EL.PA,LSTM1,1,0.5675435066223145,1
1120,EL.PA,LSTM1,0,0.6453563570976257,0
1121,EL.PA,LSTM1,0,0.6550120115280151,0
1122,EL.PA,LSTM1,0,0.6472176313400269,0
1123,EL.PA,LSTM1,0,0.6458958387374878,0
1124,EL.PA,LSTM1,0,0.6328490376472473,0
1125,EL.PA,LSTM1,0,0.6236066818237305,0
1126,EL.PA,LSTM1,0,0.633670449256897,0
1127,EL.PA,LSTM1,0,0.6592511534690857,0
1128,EL.PA,LSTM1,0,0.6721712350845337,0
1129,EL.PA,LSTM1,0,0.6753966212272644,0
1130,EL.PA,LSTM1,0,0.6736233234405518,0
1131,EL.PA,LSTM1,1,0.6851255893707275,0
1132,EL.PA,LSTM1,1,0.6944718360900879,0
1133,EL.PA,LSTM1,0,0.6860792636871338,0
1134,EL.PA,LSTM1,1,0.6959342956542969,0
1135,EL.PA,LSTM1,0,0.6924253702163696,0
1136,EL.PA,LSTM1,1,0.6879439949989319,0
1137,EL.PA,LSTM1,1,0.6772964000701904,0
1138,EL.PA,LSTM1,1,0.6551744937896729,0
1139,EL.PA,LSTM1,1,0.6374431848526001,0
1140,EL.PA,LSTM1,0,0.6200367212295532,0
1141,EL.PA,LSTM1,0,0.6059248447418213,0
1142,EL.PA,LSTM1,0,0.5967044830322266,0
1143,EL.PA,LSTM1,0,0.5905888080596924,0
1144,EL.PA,LSTM1,0,0.575217604637146,0
1145,EL.PA,LSTM1,0,0.5744566917419434,0
1146,EL.PA,LSTM1,0,0.5728172063827515,0
1147,EL.PA,LSTM1,1,0.614970326423645,0
1148,EL.PA,LSTM1,1,0.6332573294639587,0
1149,EL.PA,LSTM1,0,0.6490837335586548,0
1150,EL.PA,LSTM1,0,0.6836122870445251,0
1151,EL.PA,LSTM1,0,0.6973797082901001,0
1152,EL.PA,LSTM1,0,0.6935161352157593,0
1153,EL.PA,LSTM1,0,0.6789157390594482,0
1154,EL.PA,LSTM1,0,0.6669872403144836,0
1155,EL.PA,LSTM1,0,0.6532590985298157,0
1156,EL.PA,LSTM1,0,0.6738276481628418,0
1157,EL.PA,LSTM1,0,0.6986895799636841,0
1158,EL.PA,LSTM1,1,0.7189552187919617,0
1159,EL.PA,LSTM1,0,0.7285346984863281,0
1160,EL.PA,LSTM1,0,0.7297642230987549,0
1161,EL.PA,LSTM1,1,0.7328221201896667,1
1162,EL.PA,LSTM1,0,0.7113268971443176,0
1163,EL.PA,LSTM1,0,0.693938136100769,0
1164,EL.PA,LSTM1,1,0.6821913719177246,0
1165,EL.PA,LSTM1,1,0.6745023131370544,0
1166,EL.PA,LSTM1,1,0.6708845496177673,0
1167,EL.PA,LSTM1,1,0.6687390208244324,0
1168,EL.PA,LSTM1,1,0.6483080983161926,0
1169,EL.PA,LSTM1,1,0.6254737377166748,0
1170,EL.PA,LSTM1,1,0.597277045249939,0
1171,EL.PA,LSTM1,1,0.5598952770233154,0
1172,EL.PA,LSTM1,1,0.5331198573112488,0
1173,EL.PA,LSTM1,1,0.5110693573951721,0
1174,EL.PA,LSTM1,1,0.4887171685695648,0
1175,EL.PA,LSTM1,1,0.4657786786556244,0
1176,EL.PA,LSTM1,0,0.45225954055786133,0
1177,EL.PA,LSTM1,0,0.42495813965797424,0
1178,EL.PA,LSTM1,1,0.4115811586380005,0
1179,EL.PA,LSTM1,0,0.3989766538143158,0
1180,EL.PA,LSTM1,0,0.3998858630657196,0
1181,EL.PA,LSTM1,0,0.4120815694332123,0
1182,EL.PA,LSTM1,1,0.4168452322483063,0
1183,EL.PA,LSTM1,1,0.446280300617218,0
1184,EL.PA,LSTM1,1,0.47906720638275146,0
1185,EL.PA,LSTM1,1,0.5121537446975708,0
1186,EL.PA,LSTM1,1,0.5625765919685364,0
1187,EL.PA,LSTM1,1,0.6070377230644226,0
1188,EL.PA,LSTM1,1,0.6419867277145386,0
1189,EL.PA,LSTM1,0,0.6515687704086304,0
1190,EL.PA,LSTM1,0,0.6476213335990906,0
1191,EL.PA,LSTM1,0,0.6438940763473511,0
1192,EL.PA,LSTM1,0,0.6279036998748779,0
1193,EL.PA,LSTM1,0,0.6061151027679443,0
1194,EL.PA,LSTM1,0,0.5757911205291748,0
1195,EL.PA,LSTM1,0,0.5662919282913208,0
1196,EL.PA,LSTM1,0,0.5754259824752808,0
1197,EL.PA,LSTM1,0,0.5855942964553833,0
1198,EL.PA,LSTM1,0,0.6109133958816528,0
1199,EL.PA,LSTM1,0,0.6296392679214478,0
1200,EL.PA,LSTM1,1,0.39561599493026733,1
1201,EL.PA,LSTM1,1,0.4005294144153595,1
1202,EL.PA,LSTM1,1,0.4165607690811157,1
1203,EL.PA,LSTM1,1,0.40586936473846436,1
1204,EL.PA,LSTM1,1,0.39483219385147095,1
1205,EL.PA,LSTM1,1,0.39020177721977234,1
1206,EL.PA,LSTM1,1,0.3862731456756592,1
1207,EL.PA,LSTM1,1,0.3756355941295624,1
1208,EL.PA,LSTM1,1,0.37656423449516296,1
1209,EL.PA,LSTM1,1,0.39168280363082886,1
1210,EL.PA,LSTM1,1,0.4079276919364929,1
1211,EL.PA,LSTM1,1,0.41783374547958374,1
1212,EL.PA,LSTM1,1,0.42369961738586426,1
1213,EL.PA,LSTM1,1,0.4263865351676941,1
1214,EL.PA,LSTM1,1,0.40977996587753296,1
1215,EL.PA,LSTM1,1,0.4007996916770935,1
1216,EL.PA,LSTM1,1,0.39371857047080994,1
1217,EL.PA,LSTM1,1,0.40086260437965393,1
1218,EL.PA,LSTM1,1,0.40237075090408325,1
1219,EL.PA,LSTM1,0,0.40274548530578613,1
1220,EL.PA,LSTM1,1,0.4108336567878723,1
1221,EL.PA,LSTM1,1,0.4148024618625641,1
1222,EL.PA,LSTM1,1,0.4190523624420166,1
1223,EL.PA,LSTM1,1,0.40881651639938354,1
1224,EL.PA,LSTM1,1,0.41920360922813416,1
1225,EL.PA,LSTM1,1,0.433531254529953,1
1226,EL.PA,LSTM1,1,0.451084703207016,1
1227,EL.PA,LSTM1,1,0.4384665787220001,1
1228,EL.PA,LSTM1,1,0.39348918199539185,1
1229,EL.PA,LSTM1,1,0.39076343178749084,1
1230,EL.PA,LSTM1,1,0.4044213891029358,1
1231,EL.PA,LSTM1,1,0.40512359142303467,1
1232,EL.PA,LSTM1,1,0.37846535444259644,1
1233,EL.PA,LSTM1,1,0.34870827198028564,1
1234,EL.PA,LSTM1,0,0.33001217246055603,1
1235,EL.PA,LSTM1,1,0.3104439973831177,1
1236,EL.PA,LSTM1,0,0.27496588230133057,0
1237,EL.PA,LSTM1,1,0.2696112394332886,0
1238,EL.PA,LSTM1,1,0.282741904258728,1
1239,EL.PA,LSTM1,1,0.3002096116542816,1
1240,EL.PA,LSTM1,1,0.3274337649345398,1
1241,EL.PA,LSTM1,1,0.3453267812728882,1
1242,EL.PA,LSTM1,1,0.3577110469341278,1
1243,EL.PA,LSTM1,1,0.3670567274093628,1
1244,EL.PA,LSTM1,1,0.3683253526687622,1
1245,EL.PA,LSTM1,1,0.37515202164649963,1
1246,EL.PA,LSTM1,1,0.3856191039085388,1
1247,EL.PA,LSTM1,1,0.37277811765670776,1
1248,EL.PA,LSTM1,0,0.3654916286468506,1
1249,EL.PA,LSTM1,0,0.3744513988494873,1
1250,EL.PA,LSTM1,0,0.380545973777771,1
1251,EL.PA,LSTM1,0,0.3728294372558594,1
1252,EL.PA,LSTM1,0,0.3479175865650177,1
1253,EL.PA,LSTM1,0,0.34002721309661865,1
1254,EL.PA,LSTM1,0,0.35221976041793823,1
1255,EL.PA,LSTM1,0,0.3883177638053894,1
1256,EL.PA,LSTM1,1,0.4364948868751526,1
1257,EL.PA,LSTM1,1,0.498127818107605,1
1258,EL.PA,LSTM1,1,0.5607683658599854,1
1259,EL.PA,LSTM1,1,0.5978662371635437,1
1260,EL.PA,LSTM1,0,0.6277686357498169,1
1261,EL.PA,LSTM1,0,0.6421254873275757,1
1262,EL.PA,LSTM1,1,0.6440414190292358,1
1263,EL.PA,LSTM1,1,0.644550085067749,1
1264,EL.PA,LSTM1,0,0.6252777576446533,1
1265,EL.PA,LSTM1,0,0.6009813547134399,1
1266,EL.PA,LSTM1,0,0.5734351277351379,1
1267,EL.PA,LSTM1,1,0.5781930088996887,1
1268,EL.PA,LSTM1,0,0.5490946769714355,1
1269,EL.PA,LSTM1,0,0.5279200077056885,1
1270,EL.PA,LSTM1,1,0.5067650675773621,1
1271,EL.PA,LSTM1,1,0.5102329254150391,1
1272,EL.PA,LSTM1,1,0.5488556623458862,1
1273,EL.PA,LSTM1,1,0.5630098581314087,1
1274,EL.PA,LSTM1,1,0.5752958059310913,1
1275,EL.PA,LSTM1,1,0.5878658890724182,1
1276,EL.PA,LSTM1,1,0.6142832040786743,1
1277,EL.PA,LSTM1,1,0.5866234302520752,1
1278,EL.PA,LSTM1,1,0.5511205792427063,1
1279,EL.PA,LSTM1,0,0.4991954267024994,1
1280,EL.PA,LSTM1,1,0.4210315942764282,1
1281,EL.PA,LSTM1,1,0.4208175539970398,1
1282,EL.PA,LSTM1,1,0.41907253861427307,1
1283,EL.PA,LSTM1,1,0.4177733361721039,1
1284,EL.PA,LSTM1,1,0.41344839334487915,1
1285,EL.PA,LSTM1,1,0.4100264310836792,1
1286,EL.PA,LSTM1,1,0.4063047170639038,1
1287,EL.PA,LSTM1,1,0.4042704403400421,0
1288,EL.PA,LSTM1,0,0.4037257432937622,0
1289,EL.PA,LSTM1,0,0.40169739723205566,0
1290,EL.PA,LSTM1,0,0.39964327216148376,0
1291,EL.PA,LSTM1,0,0.3970968425273895,0
1292,EL.PA,LSTM1,0,0.3938401937484741,0
1293,EL.PA,LSTM1,0,0.3933648467063904,0
1294,EL.PA,LSTM1,0,0.3932717442512512,0
1295,EL.PA,LSTM1,1,0.4014122188091278,0
1296,EL.PA,LSTM1,1,0.4128545820713043,1
1297,EL.PA,LSTM1,1,0.42017698287963867,1
1298,EL.PA,LSTM1,1,0.42282959818840027,1
1299,EL.PA,LSTM1,1,0.4209546744823456,1
1300,EL.PA,LSTM1,1,0.42356204986572266,1
1301,EL.PA,LSTM1,0,0.41952407360076904,1
1302,EL.PA,LSTM1,0,0.4111073613166809,1
1303,EL.PA,LSTM1,0,0.4091876447200775,1
1304,EL.PA,LSTM1,0,0.4038800895214081,0
1305,EL.PA,LSTM1,0,0.3975185751914978,0
1306,EL.PA,LSTM1,0,0.39201414585113525,0
1307,EL.PA,LSTM1,0,0.3913496136665344,0
1308,EL.PA,LSTM1,0,0.3928745985031128,0
1309,EL.PA,LSTM1,0,0.3945465683937073,0
1310,EL.PA,LSTM1,0,0.39351144433021545,0
1311,EL.PA,LSTM1,0,0.3982192873954773,0
1312,EL.PA,LSTM1,0,0.4025111198425293,0
1313,EL.PA,LSTM1,0,0.40467557311058044,0
1314,EL.PA,LSTM1,1,0.41302689909935,1
1315,EL.PA,LSTM1,1,0.4235002398490906,1
1316,EL.PA,LSTM1,1,0.426627516746521,1
1317,EL.PA,LSTM1,1,0.4280494749546051,1
1318,EL.PA,LSTM1,1,0.4265150725841522,1
1319,EL.PA,LSTM1,1,0.42578715085983276,1
1320,EL.PA,LSTM1,1,0.4200577139854431,1
1321,EL.PA,LSTM1,1,0.40608492493629456,1
1322,EL.PA,LSTM1,1,0.39953505992889404,0
1323,EL.PA,LSTM1,1,0.3967127799987793,0
1324,EL.PA,LSTM1,0,0.39089536666870117,0
1325,EL.PA,LSTM1,0,0.3839886784553528,0
1326,EL.PA,LSTM1,0,0.381320059299469,0
1327,EL.PA,LSTM1,0,0.3742758631706238,0
1328,EL.PA,LSTM1,0,0.37347450852394104,0
1329,EL.PA,LSTM1,0,0.3718845248222351,0
1330,EL.PA,LSTM1,0,0.37550950050354004,0
1331,EL.PA,LSTM1,0,0.3838866353034973,0
1332,EL.PA,LSTM1,0,0.3893522620201111,0
1333,EL.PA,LSTM1,1,0.40333834290504456,0
1334,EL.PA,LSTM1,0,0.4166724979877472,1
1335,EL.PA,LSTM1,0,0.419113427400589,1
1336,EL.PA,LSTM1,1,0.42417585849761963,1
1337,EL.PA,LSTM1,1,0.43091830611228943,1
1338,EL.PA,LSTM1,1,0.4363812208175659,1
1339,EL.PA,LSTM1,1,0.43557918071746826,1
1340,EL.PA,LSTM1,1,0.43029332160949707,1
1341,EL.PA,LSTM1,1,0.42403244972229004,1
1342,EL.PA,LSTM1,1,0.42286133766174316,1
1343,EL.PA,LSTM1,1,0.4158061146736145,1
1344,EL.PA,LSTM1,1,0.408949613571167,1
1345,EL.PA,LSTM1,1,0.39974015951156616,0
1346,EL.PA,LSTM1,0,0.39448365569114685,0
1347,EL.PA,LSTM1,0,0.38910549879074097,0
1348,EL.PA,LSTM1,0,0.38693004846572876,0
1349,EL.PA,LSTM1,0,0.38675811886787415,0
1350,EL.PA,LSTM1,0,0.3836857080459595,0
1351,EL.PA,LSTM1,0,0.38168084621429443,0
1352,EL.PA,LSTM1,0,0.38146352767944336,0
1353,EL.PA,LSTM1,0,0.398418128490448,0
1354,EL.PA,LSTM1,0,0.41431793570518494,1
1355,EL.PA,LSTM1,0,0.4287596344947815,1
1356,EL.PA,LSTM1,0,0.45601674914360046,1
1357,EL.PA,LSTM1,0,0.4837093949317932,1
1358,EL.PA,LSTM1,0,0.5079282522201538,1
1359,EL.PA,LSTM1,0,0.5132609009742737,1
1360,EL.PA,LSTM1,1,0.55106520652771,0
1361,EL.PA,LSTM1,1,0.5719634294509888,0
1362,EL.PA,LSTM1,1,0.5962731838226318,0
1363,EL.PA,LSTM1,1,0.6138919591903687,1
1364,EL.PA,LSTM1,1,0.6276896595954895,1
1365,EL.PA,LSTM1,0,0.6341730952262878,1
1366,EL.PA,LSTM1,0,0.6329070329666138,1
1367,EL.PA,LSTM1,0,0.6264539957046509,1
1368,EL.PA,LSTM1,0,0.616068422794342,1
1369,EL.PA,LSTM1,1,0.6055334806442261,1
1370,EL.PA,LSTM1,0,0.588701605796814,0
1371,EL.PA,LSTM1,1,0.5765004754066467,0
1372,EL.PA,LSTM1,1,0.5758925676345825,0
1373,EL.PA,LSTM1,1,0.5881853103637695,0
1374,EL.PA,LSTM1,1,0.5845728516578674,0
1375,EL.PA,LSTM1,1,0.5948626399040222,0
1376,EL.PA,LSTM1,1,0.6155784130096436,1
1377,EL.PA,LSTM1,1,0.6318875551223755,1
1378,EL.PA,LSTM1,1,0.6372878551483154,1
1379,EL.PA,LSTM1,1,0.6366734504699707,1
1380,EL.PA,LSTM1,1,0.6387549042701721,1
1381,EL.PA,LSTM1,0,0.6290024518966675,1
1382,EL.PA,LSTM1,0,0.6206580996513367,1
1383,EL.PA,LSTM1,1,0.6106012463569641,1
1384,EL.PA,LSTM1,1,0.6079989075660706,1
1385,EL.PA,LSTM1,0,0.6103693842887878,1
1386,EL.PA,LSTM1,0,0.604586124420166,1
1387,EL.PA,LSTM1,1,0.6090190410614014,1
1388,EL.PA,LSTM1,1,0.6132160425186157,1
1389,EL.PA,LSTM1,1,0.6142206788063049,1
1390,EL.PA,LSTM1,1,0.6127049326896667,1
1391,EL.PA,LSTM1,1,0.6210508346557617,1
1392,EL.PA,LSTM1,1,0.628710150718689,1
1393,EL.PA,LSTM1,1,0.626417338848114,1
1394,EL.PA,LSTM1,1,0.6235880851745605,1
1395,EL.PA,LSTM1,1,0.6183836460113525,1
1396,EL.PA,LSTM1,1,0.6167381405830383,1
1397,EL.PA,LSTM1,1,0.61124187707901,1
1398,EL.PA,LSTM1,1,0.6053345203399658,1
1399,EL.PA,LSTM1,1,0.6045572757720947,1
1400,EL.PA,LSTM1,1,0.6030018329620361,1
1401,EL.PA,LSTM1,0,0.5945234298706055,0
1402,EL.PA,LSTM1,0,0.5897891521453857,0
1403,EL.PA,LSTM1,0,0.5888753533363342,0
1404,EL.PA,LSTM1,0,0.5868578553199768,0
1405,EL.PA,LSTM1,0,0.5830351114273071,0
1406,EL.PA,LSTM1,0,0.5873953104019165,0
1407,EL.PA,LSTM1,0,0.5968325138092041,0
1408,EL.PA,LSTM1,1,0.6068790555000305,1
1409,EL.PA,LSTM1,1,0.6103493571281433,1
1410,EL.PA,LSTM1,1,0.6198521852493286,1
1411,EL.PA,LSTM1,1,0.6290761828422546,1
1412,EL.PA,LSTM1,0,0.6374258399009705,1
1413,EL.PA,LSTM1,1,0.6448559761047363,1
1414,EL.PA,LSTM1,0,0.6411306262016296,1
1415,EL.PA,LSTM1,0,0.6378391981124878,1
1416,EL.PA,LSTM1,0,0.6258829832077026,1
1417,EL.PA,LSTM1,1,0.6142447590827942,1
1418,EL.PA,LSTM1,1,0.604917049407959,1
1419,EL.PA,LSTM1,1,0.5991191864013672,1
1420,EL.PA,LSTM1,1,0.5884236097335815,0
1421,EL.PA,LSTM1,1,0.5818906426429749,0
1422,EL.PA,LSTM1,1,0.5829073190689087,0
1423,EL.PA,LSTM1,1,0.5796459317207336,0
1424,EL.PA,LSTM1,1,0.5822007656097412,0
1425,EL.PA,LSTM1,1,0.5885029435157776,0
1426,EL.PA,LSTM1,0,0.5961865186691284,0
1427,EL.PA,LSTM1,1,0.6010299324989319,1
1428,EL.PA,LSTM1,1,0.6038526296615601,1
1429,EL.PA,LSTM1,1,0.6019682288169861,1
1430,EL.PA,LSTM1,0,0.5976554155349731,0
1431,EL.PA,LSTM1,0,0.5950723886489868,0
1432,EL.PA,LSTM1,0,0.5928052663803101,0
1433,EL.PA,LSTM1,0,0.5950407385826111,0
1434,EL.PA,LSTM1,0,0.5946595072746277,0
1435,EL.PA,LSTM1,1,0.5978996157646179,1
1436,EL.PA,LSTM1,0,0.603022575378418,1
1437,EL.PA,LSTM1,0,0.6108008623123169,1
1438,EL.PA,LSTM1,0,0.6101016998291016,1
1439,EL.PA,LSTM1,0,0.6110292077064514,1
1440,EL.PA,LSTM1,1,0.6014028191566467,1
1441,EL.PA,LSTM1,1,0.6013813614845276,1
1442,EL.PA,LSTM1,0,0.5990086197853088,0
1443,EL.PA,LSTM1,0,0.5970789194107056,0
1444,EL.PA,LSTM1,0,0.596448540687561,0
1445,EL.PA,LSTM1,0,0.5956259965896606,0
1446,EL.PA,LSTM1,1,0.5973958373069763,0
1447,EL.PA,LSTM1,0,0.5970664024353027,0
1448,EL.PA,LSTM1,0,0.5991052389144897,0
1449,EL.PA,LSTM1,0,0.6026447415351868,1
1450,EL.PA,LSTM1,0,0.6048877239227295,1
1451,EL.PA,LSTM1,1,0.6025093197822571,1
1452,EL.PA,LSTM1,1,0.6012662053108215,1
1453,EL.PA,LSTM1,0,0.6010075211524963,1
1454,EL.PA,LSTM1,0,0.6014533042907715,1
1455,EL.PA,LSTM1,0,0.6003987789154053,0
1456,EL.PA,LSTM1,0,0.5989982485771179,0
1457,EL.PA,LSTM1,0,0.5990711450576782,0
1458,EL.PA,LSTM1,1,0.5977484583854675,0
1459,EL.PA,LSTM1,1,0.5975214838981628,0
1460,EL.PA,LSTM1,1,0.5995640754699707,0
1461,EL.PA,LSTM1,1,0.6027516722679138,1
1462,EL.PA,LSTM1,1,0.6041346788406372,1
1463,EL.PA,LSTM1,1,0.605405867099762,1
1464,EL.PA,LSTM1,1,0.6066954135894775,1
1465,EL.PA,LSTM1,1,0.6051075458526611,1
1466,EL.PA,LSTM1,1,0.5992112755775452,0
1467,EL.PA,LSTM1,1,0.5913959741592407,0
1468,EL.PA,LSTM1,1,0.585443377494812,0
1469,EL.PA,LSTM1,1,0.5809117555618286,0
1470,EL.PA,LSTM1,1,0.57904452085495,0
1471,EL.PA,LSTM1,0,0.5827953219413757,0
1472,EL.PA,LSTM1,0,0.5861810445785522,0
1473,EL.PA,LSTM1,0,0.5883913040161133,0
1474,EL.PA,LSTM1,0,0.5904126763343811,0
1475,EL.PA,LSTM1,0,0.5938016772270203,0
1476,EL.PA,LSTM1,0,0.5952197313308716,0
1477,EL.PA,LSTM1,0,0.5956096053123474,0
1478,EL.PA,LSTM1,0,0.5976999402046204,0
1479,EL.PA,LSTM1,0,0.600376307964325,0
1480,EL.PA,LSTM1,0,0.6009230017662048,1
1481,EL.PA,LSTM1,0,0.5995960831642151,0
1482,EL.PA,LSTM1,0,0.5992377400398254,0
1483,EL.PA,LSTM1,0,0.5978549718856812,0
1484,EL.PA,LSTM1,0,0.5925756096839905,0
1485,EL.PA,LSTM1,0,0.5880358219146729,0
1486,EL.PA,LSTM1,0,0.587653398513794,0
1487,EL.PA,LSTM1,1,0.5907381176948547,0
1488,EL.PA,LSTM1,1,0.5936098098754883,0
1489,EL.PA,LSTM1,1,0.5959596037864685,0
1490,EL.PA,LSTM1,1,0.5998244285583496,0
1491,EL.PA,LSTM1,1,0.6006123423576355,1
1492,EL.PA,LSTM1,1,0.5986352562904358,0
1493,EL.PA,LSTM1,1,0.5922670960426331,0
1494,EL.PA,LSTM1,1,0.5874209403991699,0
1495,EL.PA,LSTM1,0,0.5763296484947205,0
1496,EL.PA,LSTM1,0,0.5697519779205322,0
1497,EL.PA,LSTM1,0,0.567101240158081,0
1498,EL.PA,LSTM1,0,0.570593535900116,0
1499,EL.PA,LSTM1,1,0.5749759674072266,0
1500,EL.PA,LSTM1,1,0.5804722905158997,0
1501,EL.PA,LSTM1,1,0.5911972522735596,0
1502,EL.PA,LSTM1,1,0.6009395718574524,1
1503,EL.PA,LSTM1,1,0.6087194085121155,1
1504,EL.PA,LSTM1,1,0.6092560291290283,1
1505,EL.PA,LSTM1,1,0.6091375946998596,1
1506,EL.PA,LSTM1,1,0.6045554876327515,1
1507,EL.PA,LSTM1,1,0.6004278659820557,1
1508,EL.PA,LSTM1,1,0.5938265919685364,0
1509,EL.PA,LSTM1,1,0.5850895047187805,0
1510,EL.PA,LSTM1,1,0.5793644785881042,0
1511,EL.PA,LSTM1,1,0.5706964731216431,0
1512,EL.PA,LSTM1,1,0.5669048428535461,0
1513,EL.PA,LSTM1,1,0.5647794008255005,0
1514,EL.PA,LSTM1,1,0.5646119117736816,0
1515,EL.PA,LSTM1,1,0.5610468983650208,0
1516,EL.PA,LSTM1,1,0.5618442893028259,0
1517,EL.PA,LSTM1,1,0.5636155009269714,0
1518,EL.PA,LSTM1,0,0.5657472014427185,0
1519,EL.PA,LSTM1,1,0.56661057472229,0
1520,EL.PA,LSTM1,0,0.5421034693717957,1
1521,EL.PA,LSTM1,0,0.545512855052948,1
1522,EL.PA,LSTM1,0,0.5465370416641235,1
1523,EL.PA,LSTM1,0,0.551177978515625,1
1524,EL.PA,LSTM1,0,0.5531431436538696,1
1525,EL.PA,LSTM1,0,0.5552397966384888,1
1526,EL.PA,LSTM1,0,0.5552881360054016,1
1527,EL.PA,LSTM1,1,0.5543755292892456,1
1528,EL.PA,LSTM1,1,0.5532571077346802,1
1529,EL.PA,LSTM1,1,0.5527765154838562,1
1530,EL.PA,LSTM1,1,0.5541438460350037,1
1531,EL.PA,LSTM1,1,0.5561845898628235,1
1532,EL.PA,LSTM1,1,0.559299886226654,1
1533,EL.PA,LSTM1,1,0.5617941617965698,1
1534,EL.PA,LSTM1,1,0.562029242515564,1
1535,EL.PA,LSTM1,1,0.5631206631660461,1
1536,EL.PA,LSTM1,1,0.561307430267334,1
1537,EL.PA,LSTM1,1,0.5592948794364929,1
1538,EL.PA,LSTM1,1,0.5579277276992798,1
1539,EL.PA,LSTM1,1,0.556566596031189,1
1540,EL.PA,LSTM1,1,0.559829592704773,1
1541,EL.PA,LSTM1,1,0.5627957582473755,1
1542,EL.PA,LSTM1,0,0.5682528614997864,1
1543,EL.PA,LSTM1,1,0.5703052282333374,1
1544,EL.PA,LSTM1,0,0.5714788436889648,1
1545,EL.PA,LSTM1,0,0.5699625611305237,1
1546,EL.PA,LSTM1,0,0.5698182582855225,1
1547,EL.PA,LSTM1,0,0.5648653507232666,1
1548,EL.PA,LSTM1,0,0.5595508217811584,1
1549,EL.PA,LSTM1,0,0.5516748428344727,1
1550,EL.PA,LSTM1,0,0.5465359091758728,1
1551,EL.PA,LSTM1,1,0.5406992435455322,1
1552,EL.PA,LSTM1,1,0.5334617495536804,1
1553,EL.PA,LSTM1,1,0.5219069719314575,1
1554,EL.PA,LSTM1,1,0.5138324499130249,1
1555,EL.PA,LSTM1,1,0.5081057548522949,1
1556,EL.PA,LSTM1,1,0.504050076007843,1
1557,EL.PA,LSTM1,1,0.500948965549469,1
1558,EL.PA,LSTM1,0,0.494427889585495,1
1559,EL.PA,LSTM1,0,0.4928365647792816,1
1560,EL.PA,LSTM1,0,0.49019795656204224,0
1561,EL.PA,LSTM1,0,0.48822513222694397,0
1562,EL.PA,LSTM1,0,0.4847543239593506,0
1563,EL.PA,LSTM1,0,0.4840167760848999,0
1564,EL.PA,LSTM1,0,0.4851866066455841,0
1565,EL.PA,LSTM1,1,0.4909668266773224,1
1566,EL.PA,LSTM1,1,0.4973534941673279,1
1567,EL.PA,LSTM1,1,0.505979061126709,1
1568,EL.PA,LSTM1,1,0.5104292631149292,1
1569,EL.PA,LSTM1,1,0.5115140080451965,1
1570,EL.PA,LSTM1,1,0.5084388852119446,1
1571,EL.PA,LSTM1,1,0.5039975047111511,1
1572,EL.PA,LSTM1,1,0.49461305141448975,1
1573,EL.PA,LSTM1,0,0.48635774850845337,0
1574,EL.PA,LSTM1,1,0.4796583652496338,0
1575,EL.PA,LSTM1,0,0.4784589409828186,0
1576,EL.PA,LSTM1,0,0.4804226756095886,0
1577,EL.PA,LSTM1,1,0.48405641317367554,0
1578,EL.PA,LSTM1,1,0.49150002002716064,1
1579,EL.PA,LSTM1,1,0.5001541972160339,1
1580,EL.PA,LSTM1,1,0.505341112613678,1
1581,EL.PA,LSTM1,1,0.5062400102615356,1
1582,EL.PA,LSTM1,1,0.5060997009277344,1
1583,EL.PA,LSTM1,1,0.5044429302215576,1
1584,EL.PA,LSTM1,1,0.5000247359275818,1
1585,EL.PA,LSTM1,1,0.4937480688095093,1
1586,EL.PA,LSTM1,1,0.48878055810928345,0
1587,EL.PA,LSTM1,1,0.4866751432418823,0
1588,EL.PA,LSTM1,0,0.4844954311847687,0
1589,EL.PA,LSTM1,0,0.4810522794723511,0
1590,EL.PA,LSTM1,0,0.4797547459602356,0
1591,EL.PA,LSTM1,0,0.4782014787197113,0
1592,EL.PA,LSTM1,0,0.478954553604126,0
1593,EL.PA,LSTM1,0,0.47833189368247986,0
1594,EL.PA,LSTM1,0,0.4788113236427307,0
1595,EL.PA,LSTM1,0,0.47815924882888794,0
1596,EL.PA,LSTM1,0,0.477681428194046,0
1597,EL.PA,LSTM1,1,0.47749409079551697,0
1598,EL.PA,LSTM1,1,0.4769837260246277,0
1599,EL.PA,LSTM1,1,0.47444918751716614,0
